{"type":"FeatureCollection","features":[{"type":"Feature","properties":{"fid":"ceyhan","source":"ne_10m_rivers_lake_centerlines"},"geometry":{"type":"MultiLineString","coordinates":[[[36.723399,38.638454],[36.740001,38.630886],[36.83839,38.651475],[36.850597,38.652655],[36.86671,38.650824],[36.875418,38.645616],[36.891531,38.627875],[36.902354,38.61164],[36.907725,38.589179],[36.902436,38.569851],[36.881602,38.5633],[36.88974,38.540839],[36.885997,38.522284],[36.874604,38.506863],[36.860037,38.493598],[36.843679,38.478705],[36.840017,38.473944],[36.883311,38.467231],[36.913178,38.447862],[36.930675,38.416693],[36.93629,38.374579],[36.942556,38.354519],[36.9581,38.338162],[36.977306,38.327094],[36.994558,38.323065],[36.999929,38.320583],[37.005382,38.314317],[37.009695,38.306505],[37.011322,38.29918],[37.016368,38.292833],[37.040619,38.288845],[37.067149,38.276964],[37.086925,38.274522],[37.104015,38.268256],[37.11378,38.247992],[37.110932,38.248603],[37.102306,38.226142],[37.100678,38.220649],[37.091807,38.208523],[37.086925,38.204169],[37.08017,38.200222],[37.070242,38.197618],[37.049246,38.196601],[37.039317,38.192735],[37.019542,38.174018],[37.001964,38.153022],[37.000011,38.148871],[36.996023,38.135688],[36.988292,38.120185],[36.982188,38.103949],[36.981863,38.08039],[36.993663,38.06741],[37.013682,38.062567],[37.078543,38.067247],[37.096283,38.061225],[37.10377,38.042507],[37.096121,38.024726],[37.077566,38.008857],[37.055186,37.996649],[37.036632,37.990017],[36.997162,37.981391],[36.981537,37.971544],[36.970307,37.952501],[36.965912,37.930284],[36.970307,37.83336],[36.966889,37.826606],[36.949962,37.81627],[36.943126,37.809149],[36.92213,37.755072],[36.911632,37.739529],[36.897716,37.730048],[36.862885,37.715847],[36.85019,37.707831],[36.844168,37.69892],[36.835704,37.675889],[36.827729,37.665351],[36.807546,37.648953],[36.799083,37.637885],[36.791596,37.616563],[36.787608,37.5987],[36.778901,37.583319],[36.758067,37.569607],[36.759939,37.575954],[36.761811,37.584988],[36.764252,37.590033],[36.757742,37.587185],[36.751231,37.582587],[36.739513,37.589708],[36.700206,37.591742],[36.682384,37.596869],[36.665131,37.550116],[36.652599,37.530097],[36.608897,37.515245],[36.575287,37.48668],[36.548595,37.48017],[36.541108,37.479682],[36.514659,37.47252],[36.492931,37.463162],[36.47698,37.453559],[36.462983,37.437812],[36.459972,37.422431],[36.465261,37.406846],[36.47698,37.390815],[36.47698,37.384589],[36.472097,37.385037],[36.470876,37.383368],[36.471202,37.380398],[36.470144,37.377143],[36.441173,37.372382],[36.403901,37.361151],[36.370697,37.356309],[36.354096,37.370917],[36.341726,37.366563],[36.329194,37.364081],[36.318858,37.359687],[36.312429,37.34988],[36.285655,37.347724],[36.26946,37.332343],[36.250418,37.295233],[36.250418,37.288398],[36.266856,37.275743],[36.26767,37.260321],[36.257823,37.23074],[36.244233,37.206488],[36.230561,37.17239],[36.218679,37.162462],[36.201915,37.15587],[36.183604,37.15412],[36.161062,37.158718],[36.130382,37.175605],[36.112071,37.182481],[36.100108,37.178534],[36.092703,37.178534],[36.084565,37.191759],[36.07252,37.202908],[36.055919,37.210476],[35.990733,37.220649],[35.969737,37.219672],[35.956716,37.206488],[35.941661,37.21251],[35.932384,37.206895],[35.924083,37.197699],[35.911876,37.192816],[35.904552,37.190863],[35.893565,37.181586],[35.887787,37.178534],[35.878347,37.179145],[35.872081,37.182929],[35.867117,37.184516],[35.860606,37.178534],[35.853119,37.178534],[35.853119,37.18537],[35.846934,37.18537],[35.820323,37.154608],[35.812511,37.136786],[35.81894,37.117743],[35.798595,37.117743],[35.805186,37.107733],[35.816335,37.098578],[35.840017,37.082953],[35.82724,37.076687],[35.803315,37.058783],[35.795177,37.054999],[35.785411,37.052029],[35.79005,37.044135],[35.799815,37.033311],[35.805431,37.021511],[35.792247,37.030056],[35.783702,37.033718],[35.774506,37.035183],[35.764252,37.03266],[35.761729,37.026679],[35.761485,37.019721],[35.757498,37.014106],[35.743582,37.008368],[35.710948,36.999579],[35.695567,36.993598],[35.661225,36.973009],[35.608897,36.952216],[35.594656,36.939805],[35.585704,36.918484],[35.619721,36.911648],[35.619721,36.904161],[35.614675,36.902452],[35.61142,36.900946],[35.606619,36.898017],[35.583588,36.910183],[35.573009,36.911241],[35.565196,36.904161],[35.562511,36.88821],[35.570242,36.87991],[35.580496,36.873481],[35.585704,36.863227],[35.574799,36.848497],[35.550548,36.843451],[35.525157,36.844916],[35.510509,36.849555],[35.503673,36.849555],[35.500662,36.840277],[35.49586,36.83157],[35.487885,36.824978],[35.475841,36.822292],[35.485281,36.814154],[35.488536,36.806586],[35.485444,36.799994],[35.475841,36.794989],[35.475841,36.788764],[35.481863,36.783637],[35.483653,36.776923],[35.481537,36.769232],[35.475841,36.76081],[35.489513,36.740505],[35.4699,36.682156],[35.483328,36.671454],[35.481456,36.667996],[35.480398,36.664822],[35.478608,36.661566],[35.475841,36.657782],[35.493337,36.65412],[35.516368,36.657823],[35.536225,36.664252],[35.544688,36.668321],[35.548106,36.661485],[35.556163,36.657538],[35.565196,36.654649],[35.572032,36.650946],[35.578705,36.641954],[35.586355,36.6258],[35.593191,36.616807],[35.585378,36.606513],[35.569265,36.594102],[35.567475,36.587022]]]}},{"type":"Feature","properties":{"fid":"dicle","source":"ne_10m_rivers_lake_centerlines"},"geometry":{"type":"MultiLineString","coordinates":[[[39.173106,38.424425],[39.190684,38.421739],[39.212657,38.424384],[39.240896,38.434434],[39.265636,38.448106],[39.288178,38.467068],[39.35255,38.480821],[39.402599,38.503445],[39.463471,38.518907],[39.509044,38.516872],[39.518972,38.503445],[39.528819,38.492296],[39.538829,38.486355],[39.578624,38.484239],[39.600352,38.477973],[39.62086,38.462958],[39.633067,38.448106],[39.646658,38.43183],[39.643077,38.415595],[39.645518,38.407091],[39.651459,38.402289],[39.667491,38.396552],[39.671886,38.393988],[39.674571,38.391181],[39.679698,38.383979],[39.684337,38.379706],[39.689382,38.377021],[39.720225,38.370307],[39.729747,38.369818],[39.73935,38.370917],[39.793712,38.386664],[39.814871,38.38703],[39.856456,38.37873],[39.91505,38.378607],[39.956472,38.384874],[39.969819,38.38349],[39.984467,38.376817],[40.002371,38.363349],[40.018484,38.347724],[40.026947,38.33865],[40.030365,38.333279],[40.03183,38.327582],[40.031261,38.322781],[40.029063,38.318712],[40.023204,38.311103],[40.0206,38.299506],[40.026378,38.291571],[40.077078,38.265937],[40.108002,38.259711],[40.117768,38.256619],[40.125987,38.251085],[40.156505,38.221015],[40.172537,38.208808],[40.191173,38.200222],[40.180919,38.190253],[40.18214,38.169989],[40.170665,38.166042],[40.168549,38.148871],[40.141043,38.122748],[40.139659,38.113959],[40.158295,38.107611],[40.205333,38.109809],[40.22519,38.103949],[40.245372,38.092719],[40.266856,38.083523],[40.256602,38.070828],[40.253998,38.054877],[40.253184,38.02143],[40.24114,37.997585],[40.238862,37.991034],[40.24114,37.984076],[40.250662,37.975531],[40.253184,37.966864],[40.252208,37.956732],[40.247,37.939521],[40.245697,37.928982],[40.24822,37.921698],[40.258718,37.906928],[40.259369,37.898546],[40.253347,37.89171],[40.244151,37.890326],[40.235769,37.886908],[40.232026,37.874335],[40.23406,37.866807],[40.239268,37.860053],[40.246104,37.85456],[40.253184,37.850775],[40.247,37.842475],[40.256847,37.838935],[40.341889,37.829657],[40.41505,37.808417],[40.436941,37.809149],[40.518484,37.835517],[40.677175,37.843777],[40.699229,37.837348],[40.738048,37.813585],[40.759207,37.806708],[40.780772,37.808865],[40.821544,37.826361],[40.843272,37.830837],[40.872081,37.826687],[40.968679,37.800482],[41.00351,37.787421],[41.021007,37.775173],[41.03476,37.771674],[41.049734,37.773749],[41.079519,37.78144],[41.088471,37.78144],[41.093842,37.77912],[41.105479,37.770046],[41.111501,37.767401],[41.117198,37.76614],[41.140717,37.764716],[41.164073,37.767401],[41.175385,37.767157],[41.187022,37.762763],[41.207042,37.747585],[41.217459,37.742947],[41.223155,37.742947],[41.226736,37.744696],[41.230235,37.74726],[41.234874,37.749538],[41.239757,37.7508],[41.243175,37.751003],[41.285737,37.739814],[41.296967,37.738837],[41.30185,37.739814],[41.311046,37.74433],[41.315522,37.745673],[41.320893,37.745673],[41.37379,37.736599],[41.503429,37.743842],[41.547293,37.740668],[41.561941,37.743232],[41.612315,37.76321],[41.662201,37.770819],[41.672944,37.769599],[41.683197,37.765692],[41.702566,37.754177],[41.712657,37.749538],[41.730235,37.748847],[41.747569,37.753241],[41.764252,37.755316],[41.780365,37.747504],[41.786143,37.740505],[41.81601,37.686143],[41.826101,37.638699],[41.8331,37.626044],[41.843191,37.617865],[41.851329,37.612982],[41.857351,37.606269],[41.860444,37.592841],[41.861501,37.56977],[41.859874,37.559027],[41.832774,37.497016],[41.827566,37.469835],[41.833914,37.443874],[41.84962,37.426622],[41.86964,37.419501],[41.891612,37.419623],[41.929291,37.427558],[42.015066,37.433295],[42.027761,37.431749],[42.043712,37.425482],[42.089285,37.398261],[42.12322,37.384589],[42.128184,37.384101],[42.139415,37.385565],[42.143809,37.384589],[42.148367,37.37991],[42.158132,37.363552],[42.184988,37.353868],[42.192312,37.34988],[42.196869,37.344184],[42.206309,37.329169],[42.222097,37.314236],[42.223237,37.302598],[42.22169,37.29267],[42.222667,37.288398],[42.236339,37.286566],[42.266694,37.274726],[42.272227,37.276964],[42.278819,37.282538],[42.285248,37.286729],[42.291596,37.285346],[42.295909,37.279975],[42.300873,37.270209],[42.305186,37.264838],[42.339447,37.242865],[42.346202,37.240017],[42.352631,37.227322],[42.33489,37.171454],[42.346202,37.158718],[42.354015,37.152615],[42.355968,37.138495],[42.356619,37.110297],[42.36321,37.098415],[42.370616,37.088202],[42.376231,37.076972],[42.376557,37.062527]]]}},{"type":"Feature","properties":{"fid":"dicle","source":"ne_10m_rivers_lake_centerlines"},"geometry":{"type":"MultiLineString","coordinates":[[[42.376557,37.062527],[42.383718,37.040717],[42.397472,37.017117],[42.414561,36.995632],[42.452647,36.965522],[42.47047,36.954861],[42.488048,36.955146],[42.507498,36.97309],[42.507823,36.957953],[42.503184,36.937852],[42.503998,36.921739],[42.5206,36.918484],[42.513194,36.896552],[42.515554,36.887315],[42.523936,36.87991],[42.534923,36.863227],[42.508718,36.861843],[42.503998,36.851386],[42.51474,36.84337],[42.534923,36.849555],[42.56601,36.836615],[42.582937,36.826606],[42.596446,36.796088],[42.612397,36.789374],[42.654714,36.788764],[42.659597,36.790798],[42.663829,36.795274],[42.669363,36.79975],[42.678233,36.801785],[42.690359,36.799628],[42.699229,36.794298],[42.729584,36.766791],[42.747162,36.753974],[42.75644,36.750271],[42.764578,36.74962],[42.772472,36.747667],[42.781261,36.740343],[42.758881,36.733425],[42.749604,36.727484],[42.747162,36.719835],[42.753998,36.711534],[42.764415,36.712226],[42.799734,36.726386],[42.808035,36.725898],[42.822276,36.719835],[42.8296,36.714626],[42.83489,36.708116],[42.843272,36.692572],[42.851654,36.704657],[42.861095,36.710517],[42.872651,36.712348],[42.887462,36.712429],[42.8921,36.706163],[42.888194,36.692328],[42.877452,36.671454],[42.905528,36.66352],[42.904389,36.646674],[42.886485,36.635443],[42.863862,36.64411],[42.857351,36.643093],[42.83961,36.64411],[42.831147,36.643093],[42.830496,36.640204],[42.831554,36.63585],[42.829112,36.630479],[42.822765,36.623847],[42.818614,36.617214],[42.818126,36.610216],[42.822276,36.602566],[42.79599,36.59516],[42.771902,36.577012],[42.753998,36.552273],[42.747162,36.524685],[42.751069,36.505439],[42.761648,36.498603],[42.794932,36.5008],[42.832774,36.498603],[42.863862,36.493272],[42.921886,36.493272],[42.935557,36.490668],[42.972341,36.476833],[42.979991,36.470038],[42.977794,36.462673],[42.968516,36.45246],[42.966319,36.44245],[42.968761,36.433417],[42.974701,36.426947],[43.000662,36.409288],[43.03183,36.399685],[43.048839,36.390937],[43.061615,36.397406],[43.08196,36.399197],[43.123953,36.397732],[43.117117,36.380154],[43.125499,36.367051],[43.138438,36.356391],[43.14503,36.345893],[43.148529,36.343085],[43.166026,36.333808],[43.172293,36.328884],[43.17628,36.320746],[43.185964,36.287869],[43.172293,36.287869],[43.178803,36.277655],[43.196218,36.256415],[43.199718,36.250596],[43.205007,36.238389],[43.216401,36.229804],[43.227957,36.223009],[43.233165,36.216498],[43.237315,36.204861],[43.247,36.197821],[43.258311,36.19241],[43.267182,36.185411],[43.272472,36.169379],[43.274669,36.164984],[43.28712,36.15001],[43.288259,36.150702],[43.292491,36.148383],[43.299246,36.145697],[43.302989,36.141384],[43.295421,36.128445],[43.294526,36.121283],[43.295909,36.091824],[43.298595,36.08157],[43.303722,36.073432],[43.326264,36.049994],[43.336192,36.033067],[43.340017,36.01435],[43.336192,35.993679],[43.345876,35.979926],[43.346202,35.970811],[43.341401,35.961046],[43.333995,35.938666],[43.331065,35.932481],[43.329112,35.926052],[43.329356,35.918524],[43.334565,35.910956],[43.343191,35.907823],[43.351492,35.906521],[43.356619,35.904242],[43.36085,35.880683],[43.34962,35.861111],[43.331635,35.85281],[43.315684,35.863308],[43.315684,35.807563],[43.309093,35.794908]],[[43.309093,35.794908],[43.298757,35.795722],[43.290457,35.78913],[43.288097,35.776719],[43.287608,35.74372],[43.288259,35.735419],[43.29184,35.729275],[43.318451,35.712958],[43.32252,35.708767],[43.318614,35.694281],[43.308686,35.689805],[43.295339,35.68891],[43.280854,35.685167],[43.273367,35.677558],[43.258311,35.655585],[43.241303,35.644639],[43.24822,35.630194],[43.267182,35.606024],[43.26588,35.597032],[43.262787,35.589911],[43.254324,35.575954],[43.248953,35.569688],[43.244395,35.568915],[43.241466,35.56623],[43.240652,35.554226],[43.249278,35.530463],[43.265636,35.500312],[43.275971,35.471503],[43.267182,35.451768],[43.271902,35.442572],[43.271251,35.436957],[43.268809,35.431098],[43.267182,35.421088],[43.26946,35.411566],[43.274018,35.406317],[43.278738,35.403388],[43.280854,35.400906],[43.285818,35.393378],[43.31129,35.370429],[43.32252,35.362413],[43.350597,35.352973],[43.364838,35.345079],[43.37086,35.332343],[43.369884,35.329535],[43.367117,35.328437],[43.363536,35.32746],[43.360037,35.325222],[43.356863,35.319037],[43.358979,35.315131],[43.362397,35.311957],[43.363536,35.307807],[43.359874,35.293158],[43.356619,35.286973],[43.350515,35.280463],[43.401541,35.273383],[43.422455,35.265448],[43.418712,35.246365],[43.410085,35.2414],[43.398692,35.238389],[43.388927,35.233425],[43.384532,35.22248],[43.388276,35.213568],[43.397065,35.200995],[43.407237,35.189765],[43.41505,35.184882],[43.480724,35.126532],[43.493744,35.110704],[43.52003,35.100694],[43.54005,35.088975],[43.53476,35.068183],[43.562104,35.052924],[43.577159,35.041571],[43.583914,35.030626],[43.580658,35.013739],[43.572765,34.996894],[43.562511,34.983995],[43.552257,34.978827],[43.542572,34.970282],[43.530284,34.951483],[43.522065,34.932725],[43.52532,34.92418],[43.539236,34.917344],[43.540701,34.901068],[43.53948,34.881781],[43.545665,34.865831],[43.55364,34.861151],[43.558849,34.860053],[43.561697,34.856757],[43.564464,34.83572],[43.568614,34.827175],[43.576427,34.815009],[43.577566,34.804877],[43.576182,34.795925],[43.577403,34.789496],[43.594737,34.78559],[43.600515,34.78205],[43.611095,34.773383],[43.619884,34.771186],[43.628835,34.770779],[43.635753,34.767401],[43.638438,34.756659],[43.640229,34.743679],[43.644786,34.742296],[43.651378,34.743964],[43.658946,34.739814],[43.668224,34.727362],[43.675873,34.712836],[43.676768,34.699774],[43.665131,34.691474],[43.671479,34.68183],[43.688569,34.669053],[43.693777,34.66352],[43.695893,34.654893],[43.693777,34.626288],[43.696788,34.614447],[43.71046,34.596788],[43.713471,34.585273],[43.714122,34.56269],[43.716238,34.553656],[43.720876,34.54682],[43.739187,34.538357],[43.756765,34.535997],[43.769786,34.529731],[43.774994,34.509589],[43.78183,34.372748],[43.785085,34.363878],[43.799083,34.350775],[43.802257,34.345079],[43.803803,34.337104],[43.820567,34.298896],[43.824636,34.29328],[43.827729,34.286404],[43.8296,34.273057],[43.828868,34.263495],[43.823985,34.247423],[43.822765,34.235541],[43.829356,34.223009],[43.860362,34.195828],[43.870616,34.184353],[43.886729,34.144558],[43.894786,34.132839],[43.92864,34.10578],[43.971446,34.085395],[43.987885,34.081326],[44.055431,34.075059],[44.092865,34.071804],[44.148529,34.059678],[44.186046,34.057563],[44.194916,34.055976],[44.203624,34.05268],[44.209972,34.048367],[44.221283,34.038031],[44.22755,34.033759],[44.233653,34.032294],[44.239187,34.033718],[44.249278,34.04031],[44.270518,34.046739],[44.291433,34.041693],[44.331147,34.019599],[44.37794,34.001329],[44.427989,33.963568],[44.439952,33.951036],[44.447683,33.935492],[44.450857,33.916327],[44.450125,33.89765],[44.444021,33.880154],[44.409923,33.835517],[44.391205,33.792751],[44.389415,33.783637],[44.389171,33.774482],[44.391612,33.765448],[44.396902,33.757025],[44.403575,33.749864],[44.423432,33.7331],[44.425873,33.729031],[44.425792,33.724677],[44.411713,33.706081],[44.407807,33.698757],[44.391043,33.637559],[44.385346,33.62991],[44.377452,33.625434],[44.366222,33.62462],[44.35434,33.625434],[44.342865,33.624823],[44.332042,33.621365],[44.322683,33.613471],[44.319753,33.603461],[44.328298,33.584499],[44.326182,33.574164],[44.313243,33.561103],[44.310069,33.555854],[44.308604,33.550116],[44.30836,33.532172],[44.305268,33.514716],[44.304861,33.508816],[44.305268,33.503119],[44.311127,33.481065],[44.313243,33.476182],[44.316335,33.471788],[44.320323,33.468085],[44.336843,33.459337],[44.341726,33.455634],[44.348399,33.445258],[44.348725,33.434434],[44.343028,33.411729],[44.342865,33.404853],[44.344656,33.39879],[44.347748,33.393337],[44.352631,33.388495],[44.362397,33.381781],[44.36671,33.377956],[44.369884,33.37287],[44.376394,33.34866],[44.390391,33.325507],[44.383556,33.32213],[44.378429,33.317003],[44.37558,33.310411],[44.375906,33.302761],[44.379649,33.294745],[44.385997,33.289252],[44.393809,33.285915],[44.402354,33.284288],[44.412364,33.284247],[44.417084,33.28502],[44.434581,33.291327],[44.438975,33.291815],[44.447846,33.28913],[44.451915,33.282904],[44.455089,33.266221],[44.458263,33.260688],[44.462494,33.256415],[44.467784,33.253241],[44.473643,33.250841],[44.483816,33.24376],[44.48935,33.233018],[44.491222,33.220404],[44.489757,33.207628],[44.488699,33.205024],[44.485932,33.200548],[44.484955,33.198025],[44.483409,33.185818],[44.484386,33.178778],[44.486827,33.173122],[44.491222,33.169053],[44.497976,33.166815],[44.508718,33.166287],[44.512136,33.165595],[44.516043,33.164089],[44.52711,33.157742],[44.550548,33.136176],[44.556244,33.128933],[44.560802,33.121039],[44.568614,33.09809],[44.570811,33.083564],[44.572846,33.077989],[44.576427,33.072943],[44.581065,33.06977],[44.586925,33.070095],[44.591401,33.07331],[44.595144,33.077582],[44.599132,33.081122],[44.604503,33.082058],[44.612234,33.077216],[44.618256,33.067816],[44.626882,33.048204],[44.632091,33.03913],[44.638682,33.031806],[44.646414,33.025824],[44.655691,33.020575],[44.665701,33.016181],[44.677257,33.013129],[44.688569,33.012722],[44.698985,33.016181],[44.71046,33.024115],[44.714936,33.025702],[44.72047,33.026435],[44.727143,33.026679],[44.733653,33.025824],[44.738536,33.023261],[44.74114,33.013739],[44.736095,33.003119],[44.728608,32.99254],[44.724213,32.983425],[44.724864,32.977973],[44.727957,32.974229],[44.732839,32.972032],[44.738292,32.971137],[44.744395,32.971747],[44.749034,32.974189],[44.757091,32.982123],[44.766856,32.988064],[44.776296,32.986518],[44.784923,32.980414],[44.806651,32.959784],[44.814382,32.957343],[44.822683,32.962104],[44.8296,32.97016],[44.833751,32.97248],[44.839366,32.972113],[44.844656,32.969021],[44.848155,32.964219],[44.85255,32.952948],[44.858165,32.943183],[44.865815,32.93712],[44.875418,32.934272],[44.896983,32.932644],[44.907237,32.928819],[44.917003,32.923285],[44.925792,32.916938],[44.934093,32.908555],[44.94866,32.889594],[44.95753,32.881456],[44.969168,32.876003],[44.980561,32.875067],[44.992117,32.877712],[45.031505,32.898057],[45.041515,32.900336],[45.050792,32.899237],[45.060069,32.894843],[45.065684,32.887559],[45.064382,32.877997],[45.056082,32.870958],[45.033702,32.864081],[45.026378,32.856757],[45.026947,32.846706],[45.034434,32.837185],[45.09075,32.792751],[45.097097,32.789089],[45.103526,32.786322],[45.110362,32.785346],[45.117442,32.787136],[45.130463,32.793769],[45.136974,32.79446],[45.144949,32.792019],[45.163666,32.781195],[45.170502,32.778591],[45.17864,32.777126],[45.267345,32.774278],[45.278819,32.766221],[45.279226,32.752021],[45.273529,32.736192],[45.257498,32.709052],[45.254405,32.700873],[45.255789,32.693427],[45.261974,32.689236],[45.270437,32.688829],[45.286632,32.692328],[45.293875,32.692898],[45.300059,32.69184],[45.306082,32.689154],[45.311697,32.684882],[45.316905,32.679633],[45.320323,32.67414],[45.324962,32.661404],[45.329112,32.653428],[45.334727,32.647976],[45.341889,32.64586],[45.350515,32.647976],[45.357921,32.651313],[45.364757,32.652777],[45.371511,32.651923],[45.378917,32.64822],[45.389659,32.638048],[45.397065,32.625678],[45.415701,32.58454],[45.419851,32.578315],[45.42628,32.573554],[45.435313,32.57038],[45.440196,32.569688],[45.444753,32.570258],[45.447765,32.571845],[45.450206,32.574164],[45.4546,32.579454],[45.462169,32.584581],[45.502696,32.595526],[45.507335,32.595811],[45.511729,32.595242],[45.513682,32.59455],[45.515636,32.593451],[45.518647,32.590277],[45.519786,32.589545],[45.520437,32.589301],[45.521007,32.589301],[45.522472,32.588975],[45.524994,32.586249],[45.526866,32.583279],[45.529307,32.576728],[45.528819,32.567206],[45.520112,32.550157],[45.520518,32.54088],[45.526296,32.534369],[45.53476,32.53205],[45.544037,32.532986],[45.552175,32.5362],[45.566824,32.548651],[45.574636,32.553819],[45.584402,32.555487],[45.589366,32.553575],[45.592784,32.549628],[45.595795,32.544949],[45.599213,32.54088],[45.605479,32.537909],[45.61321,32.536689],[45.621104,32.536933],[45.627696,32.538357],[45.6338,32.541938],[45.647878,32.558661],[45.654307,32.56269],[45.660574,32.563992],[45.692475,32.558621],[45.698253,32.555976],[45.706147,32.54796],[45.717296,32.528835],[45.725352,32.521511],[45.730724,32.518866],[45.735769,32.517524],[45.740815,32.51789],[45.779307,32.531684],[45.785167,32.532335],[45.791108,32.531358],[45.79599,32.528632],[45.799571,32.524726],[45.804779,32.515204],[45.807628,32.508612],[45.809093,32.502224]],[[43.309093,35.794908],[43.308849,35.794379],[43.315684,35.794379],[43.309093,35.794908]],[[45.806895,32.510932],[45.812104,32.505927],[45.818858,32.506415],[45.831554,32.512478],[45.840912,32.525336],[45.851492,32.536485],[45.863862,32.545233],[45.893158,32.554755],[45.900645,32.555732],[45.907319,32.554714],[45.913666,32.55211],[45.919526,32.550401],[45.925222,32.551134],[45.930675,32.555854],[45.932872,32.560329],[45.936941,32.575303],[45.941173,32.585232],[45.947683,32.595526],[45.955658,32.604438],[45.964773,32.610175],[45.976573,32.613389],[46.030854,32.622178],[46.036062,32.625108],[46.047781,32.636542],[46.052826,32.639472],[46.095795,32.653144],[46.10434,32.654568],[46.140636,32.650173],[46.161876,32.640896],[46.176524,32.629828],[46.206472,32.583441],[46.219005,32.572374],[46.233816,32.565212],[46.249766,32.560858],[46.296967,32.554511],[46.312022,32.550157],[46.335948,32.533026],[46.348888,32.528266],[46.398367,32.523953],[46.465261,32.530707],[46.481619,32.529364],[46.497081,32.52558],[46.555431,32.504218],[46.635671,32.492458],[46.651459,32.486396],[46.663178,32.479356],[46.673106,32.47073],[46.747813,32.367214],[46.749522,32.358222],[46.747569,32.34988],[46.740652,32.343777],[46.723643,32.33747],[46.716075,32.333035],[46.710053,32.32571],[46.70696,32.318183],[46.705577,32.31037],[46.706065,32.302517],[46.708425,32.294704],[46.717865,32.276679],[46.721609,32.267361],[46.721772,32.25727],[46.719249,32.248603],[46.714854,32.241156],[46.708914,32.23489],[46.701915,32.229356],[46.693614,32.220811],[46.691905,32.211371],[46.695079,32.201239],[46.711192,32.174587],[46.71339,32.168565],[46.714122,32.16352],[46.714285,32.148139],[46.71575,32.137559],[46.719493,32.12877],[46.726085,32.121772],[46.735362,32.1164],[46.757335,32.10932],[46.767182,32.104112],[46.774425,32.095486],[46.781016,32.08157],[46.78419,32.077826],[46.789073,32.075141],[46.794444,32.074246],[46.799897,32.07453],[46.823741,32.079535],[46.830089,32.079372],[46.836925,32.077826],[46.843842,32.075303],[46.856456,32.068305],[46.862804,32.062079],[46.86671,32.054755],[46.893647,31.961941],[46.899343,31.948554],[46.906342,31.936835],[46.948334,31.893175],[46.954845,31.877875],[46.965587,31.869249],[46.989268,31.86225],[47.012787,31.863105],[47.023692,31.877875],[47.034434,31.878974],[47.083914,31.890652],[47.098725,31.89586],[47.10963,31.88288],[47.12322,31.874538],[47.134776,31.863837],[47.13974,31.844021],[47.137625,31.832953],[47.128347,31.819607],[47.126069,31.809882],[47.12794,31.797227],[47.132091,31.788031],[47.136729,31.780341],[47.13974,31.772325],[47.143972,31.729275],[47.149832,31.711371],[47.18336,31.695339],[47.191661,31.675482],[47.194347,31.641384],[47.205496,31.629503],[47.221283,31.620673],[47.23585,31.609442],[47.242198,31.59044],[47.283702,31.531521],[47.29241,31.527452],[47.314708,31.521918],[47.324148,31.5185],[47.336029,31.51081],[47.355479,31.487738],[47.374522,31.47252],[47.379975,31.463894],[47.376231,31.453315],[47.369558,31.441352],[47.369558,31.430121],[47.37558,31.419379],[47.386811,31.408637],[47.400076,31.400499],[47.414154,31.394151],[47.42628,31.386746],[47.434011,31.375108],[47.435151,31.355821],[47.427989,31.343858],[47.418549,31.334662],[47.414073,31.323594],[47.426036,31.284613],[47.437266,31.263251],[47.441173,31.247504],[47.442556,31.230902],[47.441417,31.216824],[47.426524,31.180935],[47.427745,31.169623],[47.441417,31.156317],[47.453868,31.153428],[47.455658,31.149197],[47.437592,31.131456],[47.423106,31.108913],[47.420909,31.10696],[47.421967,31.097724],[47.426687,31.093614],[47.431651,31.090277],[47.434011,31.083075],[47.428722,31.050482],[47.427989,31.034857],[47.434011,31.018826]]]}},{"type":"Feature","properties":{"fid":"meric","source":"ne_10m_rivers_lake_centerlines"},"geometry":{"type":"MultiLineString","coordinates":[[[23.675955,42.277533],[23.690929,42.289659],[23.724783,42.309638],[23.740977,42.321885],[23.756114,42.325385],[23.826671,42.318427],[23.858084,42.319892],[23.867686,42.318427],[23.874197,42.314236],[23.886485,42.300849],[23.891856,42.29796],[23.901134,42.2956],[23.908702,42.28974],[23.913585,42.282009],[23.917735,42.264716],[23.924001,42.258572],[24.003103,42.225369],[24.022227,42.222235],[24.035574,42.223578],[24.048106,42.226833],[24.070567,42.235907],[24.088634,42.242377],[24.094168,42.243354],[24.108572,42.242011],[24.134044,42.232123],[24.145763,42.229763],[24.207449,42.229763],[24.230724,42.225409],[24.377208,42.166449],[24.388438,42.157416],[24.404714,42.150092],[24.480724,42.150702],[24.505138,42.146552],[24.535574,42.159451],[24.93336,42.160834],[24.936534,42.161729],[24.938406,42.163886],[24.94101,42.166083],[24.946788,42.16706],[24.952403,42.164984],[24.958263,42.160468],[24.96282,42.156033],[24.963796,42.153998],[24.973562,42.154853],[24.986827,42.160183],[24.997976,42.160834],[25.010346,42.156928],[25.019786,42.151068],[25.029714,42.149237],[25.059581,42.166571],[25.095714,42.172553],[25.115245,42.18126],[25.126069,42.172065],[25.142019,42.16706],[25.152924,42.160468],[25.149425,42.146552],[25.16741,42.14407],[25.193289,42.124579],[25.214447,42.1199],[25.225515,42.123725],[25.241954,42.137763],[25.24879,42.136583],[25.257416,42.132758],[25.293386,42.13349],[25.308523,42.131415],[25.365164,42.113064],[25.386811,42.114081],[25.398204,42.113105],[25.406016,42.10932],[25.417084,42.10163],[25.42864,42.099677],[25.439545,42.099962],[25.449799,42.098741],[25.501557,42.069363],[25.522716,42.065253],[25.601166,42.072089],[25.634288,42.067328],[25.739024,42.023627],[25.755951,42.021674],[25.810802,42.023627],[25.820242,42.026882],[25.841075,42.040961],[25.852061,42.044135],[25.862315,42.040839],[25.874034,42.033067],[25.884044,42.023993],[25.88974,42.016791],[25.895518,41.997585],[25.898936,41.977566],[25.905365,41.961778],[25.920665,41.95539],[25.92921,41.947862],[25.95696,41.912421],[25.971772,41.900743],[25.990733,41.894843],[26.00644,41.892849],[26.043468,41.893337],[26.062266,41.887641],[26.077891,41.874335],[26.102061,41.845526],[26.108897,41.840847],[26.126557,41.831732],[26.136322,41.824408],[26.141531,41.821723],[26.152843,41.820421],[26.156749,41.818793],[26.158376,41.813747],[26.157319,41.799831],[26.160167,41.794013],[26.190522,41.773749],[26.198253,41.766425],[26.203054,41.758083],[26.211355,41.7508],[26.225597,41.749864],[26.233979,41.746121],[26.260509,41.723334],[26.273448,41.715155],[26.294444,41.710557],[26.35906,41.715155],[26.376964,41.710883],[26.403901,41.692165],[26.442312,41.68476],[26.459972,41.679023],[26.475678,41.675971],[26.491954,41.681016],[26.491466,41.674018],[26.493663,41.670844],[26.497081,41.669379],[26.499441,41.667344],[26.534272,41.666571],[26.560802,41.654812],[26.580496,41.635688],[26.5949,41.612738],[26.594737,41.605251],[26.595795,41.597846],[26.598155,41.591091],[26.601817,41.585395],[26.597341,41.573513],[26.601166,41.547553],[26.5949,41.537665],[26.605561,41.523261],[26.610444,41.505968],[26.615489,41.468777],[26.631765,41.419989],[26.635834,41.399848],[26.63616,41.37873],[26.631277,41.357733],[26.622081,41.340644],[26.609304,41.331],[26.59075,41.329535],[26.569021,41.333808],[26.550222,41.341986],[26.539643,41.352078],[26.488862,41.311103],[26.478282,41.309841],[26.47405,41.306586],[26.471446,41.302191],[26.465912,41.297431],[26.437918,41.283759],[26.41155,41.265937],[26.394542,41.259223],[26.331147,41.254421],[26.320079,41.246446],[26.33546,41.229193],[26.325125,41.207221],[26.320567,41.187852],[26.323741,41.170111],[26.33546,41.152777],[26.316824,41.130683],[26.316824,41.122504],[26.331716,41.11933],[26.338959,41.114773],[26.321869,41.088813],[26.324636,41.074286],[26.338634,41.051785],[26.347179,41.041205],[26.373627,41.031358],[26.374522,41.019639],[26.367605,41.007921],[26.35906,41.002631],[26.344168,41.001288],[26.33546,40.997382],[26.332612,40.990994],[26.33546,40.982123],[26.345876,40.971951],[26.355724,40.96837],[26.35849,40.964911],[26.348643,40.954779],[26.334483,40.946479],[26.305919,40.936225],[26.293956,40.926866],[26.296804,40.922634],[26.302826,40.915717],[26.303477,40.909288],[26.290131,40.906358],[26.281668,40.907497],[26.274669,40.910509],[26.269542,40.915066],[26.266043,40.920681],[26.259776,40.920681],[26.25172,40.900824],[26.24586,40.891669],[26.23878,40.885932],[26.231863,40.885932],[26.230561,40.890001],[26.225597,40.899604],[26.225841,40.889024],[26.22462,40.883857],[26.22047,40.881537],[26.211355,40.879706],[26.210704,40.874945],[26.211925,40.873358],[26.214773,40.873114],[26.218191,40.87226],[26.208263,40.868598],[26.205333,40.865261],[26.204519,40.858588],[26.211436,40.847724],[26.157725,40.812364],[26.142507,40.794013],[26.134044,40.767361],[26.111827,40.74726],[26.081065,40.735785],[26.043956,40.738471]]]}},{"type":"Feature","properties":{"fid":"kizilirmak","source":"ne_10m_rivers_lake_centerlines"},"geometry":{"type":"MultiLineString","coordinates":[[[37.660818,39.879747],[37.47877,39.869005],[37.174734,39.79796],[37.139578,39.793769],[37.002371,39.75255],[36.918468,39.712104],[36.909109,39.708808],[36.899994,39.708564],[36.890636,39.713324],[36.887218,39.719916],[36.885183,39.726915],[36.880626,39.732733],[36.860769,39.737657],[36.837901,39.733425],[36.814138,39.726264],[36.791515,39.72252],[36.752696,39.722439],[36.735037,39.719509],[36.694591,39.705512],[36.635265,39.697699],[36.613862,39.691433],[36.59905,39.682318],[36.570567,39.657009],[36.535574,39.636786],[36.463959,39.609483],[36.434011,39.585964],[36.408621,39.556952],[36.403575,39.547634],[36.395274,39.523261],[36.384288,39.507392],[36.371511,39.494737],[36.253022,39.409776],[36.202891,39.38288],[36.16212,39.352362],[36.111908,39.325263],[36.096609,39.312527],[36.065684,39.27619],[36.049408,39.265815],[35.992931,39.248725],[35.975678,39.240343],[35.961681,39.231147],[35.955496,39.225287],[35.951182,39.217719],[35.95045,39.209052],[35.95574,39.19599],[35.955577,39.188585],[35.947358,39.174628],[35.934825,39.165798],[35.858653,39.133979],[35.846121,39.126166],[35.8331,39.114325],[35.811453,39.087348],[35.798595,39.075751],[35.790131,39.072211],[35.769949,39.068793],[35.760997,39.065863],[35.753835,39.060574],[35.740489,39.047675],[35.732921,39.043077],[35.690359,39.034451],[35.560639,39.041327],[35.549408,39.01199],[35.526296,38.987006],[35.49586,38.971462],[35.463634,38.970242],[35.427013,38.976142],[35.390147,38.976386],[35.356456,38.971137],[35.318126,38.957953],[35.29127,38.93537],[35.292247,38.902167],[35.279796,38.895087],[35.253998,38.890896],[35.241466,38.886908],[35.230968,38.87934],[35.205577,38.853787],[35.161876,38.828559],[35.091563,38.799506],[35.047944,38.770209],[35.024343,38.758572],[35.00587,38.755072],[34.969819,38.756049],[34.949962,38.75198],[34.920014,38.741645],[34.905365,38.738959],[34.87086,38.73961],[34.807384,38.752143],[34.762625,38.774766],[34.750662,38.778022],[34.726492,38.780707],[34.656993,38.773139],[34.634288,38.773708],[34.613292,38.778917],[34.593516,38.787624],[34.542491,38.821397],[34.529226,38.82807],[34.368744,38.863227],[34.355479,38.86872],[34.346202,38.87755],[34.3296,38.898953],[34.317149,38.908393],[34.274832,38.928168],[34.23463,38.955512],[34.219005,38.962592],[34.20224,38.966376],[34.194265,38.969306],[34.187592,38.974799],[34.184174,38.9831],[34.182872,39.0008],[34.178396,39.009101],[34.156342,39.022569],[34.104259,39.028591],[34.079194,39.036444],[34.022553,39.063788],[33.991466,39.069444],[33.961436,39.062934],[33.946788,39.069892],[33.929779,39.091498],[33.917735,39.101386],[33.901785,39.105902],[33.845144,39.104926],[33.8095,39.109931],[33.673432,39.170356],[33.542003,39.274726],[33.518158,39.298855],[33.504649,39.308702],[33.464936,39.320176],[33.455496,39.32685],[33.450857,39.341498],[33.453217,39.372748],[33.444753,39.387397],[33.433686,39.393012],[33.408132,39.399482],[33.398529,39.407335],[33.395112,39.425849],[33.407237,39.495185],[33.406016,39.50373],[33.403819,39.510321],[33.403087,39.51793],[33.406016,39.529731],[33.42099,39.558661],[33.424815,39.568915],[33.433116,39.603339],[33.440196,39.619493],[33.452403,39.631781],[33.478282,39.639716],[33.48878,39.646348],[33.488862,39.6588],[33.480886,39.659532],[33.461436,39.669542],[33.4463,39.681179],[33.451427,39.686713],[33.463634,39.692491],[33.473399,39.706977],[33.47991,39.725938],[33.485444,39.779568],[33.464447,39.79682],[33.461681,39.803412],[33.46461,39.808458],[33.479503,39.817165],[33.482188,39.82453],[33.47877,39.82807],[33.463878,39.837022],[33.44337,39.852484],[33.428966,39.860134],[33.418061,39.871202],[33.413829,39.892849],[33.417491,39.908637],[33.42392,39.920844],[33.425222,39.932725],[33.413829,39.947455],[33.43157,39.960761],[33.441905,39.980984],[33.446869,40.005723],[33.451182,40.063096],[33.460704,40.08336],[33.477631,40.09809],[33.5442,40.134833],[33.563487,40.153103],[33.571544,40.176459],[33.574474,40.200507],[33.583425,40.21955],[33.598643,40.235134],[33.619884,40.249091],[33.619884,40.255316],[33.612397,40.255316],[33.612397,40.262152],[33.620697,40.266425],[33.625987,40.27265],[33.62794,40.280544],[33.626069,40.290066],[33.638927,40.285753],[33.651378,40.294379],[33.659679,40.311062],[33.660248,40.331],[33.675873,40.330634],[33.699718,40.336859],[33.715424,40.337836],[33.754812,40.330634],[33.824311,40.33869],[33.852143,40.346869],[33.865652,40.358954],[33.887462,40.352118],[33.911062,40.357367],[33.934174,40.359931],[33.955089,40.345282],[33.98878,40.358262],[34.000255,40.366075],[34.009776,40.379462],[34.031993,40.400824],[34.036876,40.411322],[34.030203,40.420437],[34.053966,40.431464],[34.112804,40.481879],[34.120046,40.478827],[34.121837,40.476386],[34.122651,40.47663],[34.127045,40.481879],[34.171886,40.480821],[34.199962,40.48489],[34.22698,40.48432],[34.240896,40.486192],[34.269623,40.498358],[34.353038,40.552802],[34.404796,40.568549],[34.452078,40.596015],[34.492198,40.610663],[34.502859,40.616034],[34.52239,40.629177],[34.532644,40.634345],[34.544932,40.636908],[34.617117,40.636827],[34.632253,40.639757],[34.646251,40.645779],[34.654226,40.652533],[34.665131,40.668647],[34.672374,40.676296],[34.706472,40.694281],[34.720307,40.707099],[34.716075,40.721462],[34.724376,40.732123],[34.750092,40.748725],[34.765066,40.755561],[34.777599,40.769843],[34.804779,40.790351],[34.809988,40.796454],[34.814057,40.803168],[34.819835,40.808621],[34.829031,40.810818],[34.843761,40.81684],[34.855561,40.831814],[34.863373,40.850694],[34.866222,40.868842],[34.861908,40.878445],[34.85255,40.87995],[34.843191,40.879421],[34.838878,40.882839],[34.842052,40.891547],[34.849539,40.898017],[34.866222,40.906358],[34.861095,40.908515],[34.857188,40.911404],[34.854421,40.915351],[34.85255,40.920681],[34.856456,40.93126],[34.853038,40.947374],[34.84433,40.96369],[34.832774,40.975287],[34.814708,40.98196],[34.797781,40.984158],[34.781261,40.988715],[34.765554,41.002387],[34.746104,40.987331],[34.727306,40.985541],[34.462657,41.100531],[34.444591,41.112494],[34.437266,41.126532],[34.450694,41.141181],[34.47047,41.147162],[34.492442,41.147406],[34.553152,41.139716],[34.742442,41.144599],[34.754649,41.148871],[34.764903,41.156684],[34.769135,41.159003],[34.774018,41.160346],[34.784109,41.161689],[34.788829,41.163194],[34.808035,41.175238],[34.858409,41.220811],[34.876069,41.2331],[34.880626,41.238593],[34.883393,41.246161],[34.885265,41.262885],[34.888113,41.269843],[34.903901,41.27912],[34.926687,41.288031],[34.941824,41.299872],[34.934581,41.317939],[34.943858,41.326036],[34.953705,41.329901],[34.979096,41.331],[34.991222,41.334906],[35.023936,41.358913],[35.076752,41.374376],[35.102468,41.385321],[35.113292,41.399848],[35.124034,41.391913],[35.132823,41.377143],[35.138601,41.359158],[35.140636,41.341498],[35.147227,41.332221],[35.162852,41.323554],[35.195811,41.311103],[35.184825,41.299099],[35.194347,41.293484],[35.239757,41.289252],[35.248057,41.285834],[35.265391,41.271267],[35.296316,41.258328],[35.339854,41.254503],[35.383067,41.260199],[35.413178,41.275702],[35.436941,41.313666],[35.451915,41.324897],[35.476654,41.320583],[35.496593,41.309394],[35.505951,41.30744],[35.519542,41.309841],[35.556082,41.321967],[35.573497,41.330349],[35.613292,41.359727],[35.626231,41.364325],[35.695811,41.371772],[35.743337,41.368923],[35.759044,41.371039],[35.773204,41.376899],[35.783132,41.386176],[35.798106,41.410224],[35.807058,41.420925],[35.827729,41.432237],[35.840912,41.437079],[35.846934,41.434638],[35.846934,41.440863],[35.841075,41.447211],[35.842214,41.450792],[35.845714,41.454657],[35.846934,41.461941],[35.846121,41.462917],[35.841319,41.476874],[35.840017,41.482367],[35.841726,41.500027],[35.845876,41.513861],[35.896658,41.587104],[35.911225,41.615831],[35.915294,41.646267]]]}},{"type":"Feature","properties":{"fid":"firat","source":"ne_10m_rivers_lake_centerlines"},"geometry":{"type":"MultiLineString","coordinates":[[[38.767833,38.812812],[38.771983,38.816962],[38.77532,38.830268],[38.778087,38.845038],[38.786143,38.854763],[38.812592,38.875027],[38.777843,38.904975],[38.774994,38.918565],[38.773855,38.936469],[38.780284,38.952216],[38.78476,38.966986],[38.78655,38.981269],[38.783295,38.992377],[38.780854,38.99787],[38.779714,38.999864],[38.7671,39.018866],[38.764415,39.029161],[38.742442,39.068061],[38.739513,39.078437]],[[38.471283,38.74079],[38.478038,38.72545],[38.472667,38.707546],[38.46046,38.69245],[38.446707,38.686225],[38.42213,38.682685],[38.402436,38.673448],[38.387136,38.660346],[38.37558,38.645209],[38.370372,38.634589],[38.36378,38.616319],[38.348888,38.595649],[38.351329,38.58869],[38.357677,38.582587],[38.36142,38.573269],[38.364675,38.556464],[38.373546,38.536566],[38.386648,38.518744],[38.402924,38.508083],[38.414154,38.516791],[38.425548,38.512519],[38.443289,38.494412],[38.456554,38.484971],[38.468679,38.479275],[38.481619,38.47602],[38.539806,38.470486],[38.566661,38.464667],[38.571381,38.462348],[38.587657,38.449897],[38.594656,38.450263],[38.600597,38.453152],[38.607839,38.453437],[38.688975,38.420762],[38.717703,38.418728],[38.778901,38.436957],[38.810476,38.440375],[38.834402,38.426093],[38.826915,38.418728],[38.852794,38.404731],[38.860932,38.39879],[38.8838,38.369005],[38.885509,38.364081],[38.911143,38.360704],[38.927826,38.352362],[38.957286,38.330512],[38.992198,38.326117],[39.073334,38.347968]],[[38.982677,37.899359],[38.989187,37.878038],[38.982677,37.865505],[38.970795,37.850775],[38.976166,37.845893],[38.979096,37.838487],[38.977957,37.830268],[38.970795,37.822821],[38.965343,37.823188],[38.945404,37.828884],[38.936697,37.829657],[38.921397,37.825141],[38.908376,37.81684],[38.897878,37.804714],[38.888927,37.788682],[38.903412,37.791815],[38.930593,37.807563],[38.943614,37.809149],[38.953868,37.801378],[38.952566,37.775255],[38.964773,37.761339],[38.944835,37.756944],[38.922293,37.75613],[38.901866,37.752753],[38.888927,37.740912],[38.89796,37.735663],[38.923106,37.713568],[38.916433,37.709052],[38.908214,37.706244],[38.899669,37.706244],[38.882416,37.714911],[38.875011,37.710476],[38.869233,37.703152],[38.864757,37.699286],[38.861095,37.698188],[38.856049,37.695665],[38.849376,37.693305],[38.841238,37.69245],[38.835948,37.69477],[38.822765,37.704535],[38.82073,37.706732],[38.800385,37.697048],[38.818451,37.680935],[38.868337,37.651475],[38.6456,37.624213],[38.597341,37.583523],[38.587901,37.579535],[38.575287,37.56155],[38.515391,37.511094],[38.494884,37.500678],[38.372325,37.483954],[38.340831,37.494452],[38.326915,37.490302]]]}},{"type":"Feature","properties":{"fid":"firat","source":"ne_10m_rivers_lake_centerlines"},"geometry":{"type":"MultiLineString","coordinates":[[[41.455496,40.180203],[41.445242,40.172227],[41.417572,40.11872],[41.366303,40.074327],[41.35491,40.06037],[41.328217,40.016303],[41.319021,40.00495],[41.30714,39.99372],[41.292979,39.985053],[41.276947,39.981553],[41.026541,39.961046],[40.910655,39.925116],[40.870209,39.919501],[40.802745,39.926581],[40.790701,39.930365],[40.768565,39.940619],[40.747162,39.936225],[40.711925,39.919501],[40.688975,39.920722],[40.652843,39.936103],[40.468516,39.95364],[40.458588,39.951483],[40.436615,39.942084],[40.427664,39.940009],[40.391856,39.942084],[40.382904,39.940009],[40.382904,39.933783],[40.351329,39.944403],[40.302989,39.940375],[40.179128,39.907986],[40.160411,39.89997],[40.146414,39.889106],[40.136811,39.870225],[40.140147,39.855658],[40.163829,39.830756],[40.223155,39.790473],[40.251069,39.763617],[40.259369,39.728339],[40.253835,39.717393],[40.24171,39.701361],[40.227306,39.686876],[40.198985,39.673774],[40.192149,39.657986],[40.190684,39.639594],[40.191173,39.625312],[40.189545,39.6081],[40.183686,39.592556],[40.171967,39.581244],[40.139903,39.573798],[40.101817,39.560126],[40.081309,39.556993],[39.994395,39.565009],[39.909923,39.584337],[39.749278,39.645046],[39.731212,39.649278],[39.669363,39.655463],[39.615815,39.680487],[39.575125,39.693956],[39.535655,39.700507],[39.450694,39.701036],[39.408946,39.693956],[39.381928,39.679063],[39.327729,39.638983],[39.306407,39.630683],[39.28419,39.626654],[39.242117,39.625312],[39.231456,39.623155],[39.211355,39.613796],[39.201182,39.61164],[39.156505,39.617865],[39.047944,39.616075],[39.033295,39.611518],[39.004975,39.597968],[38.976003,39.591864],[38.906749,39.585883],[38.875255,39.57685],[38.865815,39.582221],[38.853038,39.576117],[38.826915,39.556993],[38.815847,39.554226],[38.772227,39.550157],[38.755626,39.545274],[38.748139,39.539252],[38.742768,39.530056],[38.731944,39.515448],[38.720225,39.503974],[38.711518,39.500312],[38.680675,39.501776],[38.66684,39.504218],[38.639903,39.512803],[38.632335,39.51203],[38.621023,39.506212],[38.583914,39.496609],[38.570811,39.49494],[38.560964,39.490058],[38.522472,39.457384],[38.510183,39.452704],[38.4581,39.453966],[38.402924,39.426093],[38.392182,39.417914],[38.383556,39.409125],[38.374115,39.402126],[38.36142,39.399359],[38.36671,39.388699],[38.368175,39.371446],[38.38795,39.357001],[38.425059,39.318468],[38.462006,39.306464],[38.473725,39.296495],[38.49171,39.275214],[38.50294,39.266954],[38.58074,39.224921],[38.599701,39.206081],[38.607839,39.183376],[38.619884,39.171698],[38.683035,39.171007],[38.711436,39.165961],[38.714773,39.154731],[38.712983,39.12877],[38.71461,39.121283],[38.735606,39.105251],[38.740164,39.09573],[38.739513,39.078477]],[[38.767833,38.812812],[38.743256,38.803005],[38.716401,38.780463],[38.692393,38.773546],[38.677013,38.764594],[38.666433,38.762519],[38.654226,38.766547],[38.642345,38.781684],[38.635753,38.781765],[38.631602,38.775743],[38.633067,38.762478],[38.631765,38.752305],[38.618663,38.748318],[38.569021,38.752143],[38.508881,38.756863],[38.48349,38.753119],[38.471283,38.74079]],[[39.073334,38.347968],[39.114838,38.343573],[39.132416,38.329698],[39.14503,38.307929],[39.148529,38.284247],[39.114838,38.192735],[39.141368,38.178656],[39.221934,38.205105],[39.252533,38.179714],[39.256358,38.153144],[39.248546,38.130439],[39.224701,38.090359],[39.23463,38.076117],[39.224864,38.063788],[39.149913,38.020779],[39.08961,38.007025],[39.072276,37.999579],[39.060313,37.987901],[39.055675,37.973212],[39.050385,37.939765],[39.040457,37.925238],[39.027273,37.918036],[38.978282,37.906033],[38.982677,37.899359]],[[38.326915,37.490302],[38.282644,37.476996],[38.271983,37.476426],[38.265717,37.454454],[38.249929,37.448554],[38.206716,37.453559],[38.198009,37.448025],[38.196788,37.435818],[38.197195,37.423651],[38.193126,37.418158],[38.190033,37.417182],[38.188243,37.415066],[38.185639,37.412909],[38.180186,37.411933],[38.176687,37.413764],[38.175059,37.422634],[38.170177,37.425605],[38.125499,37.433783],[38.108409,37.440945],[38.094493,37.453559],[38.065522,37.436876],[38.054128,37.436469],[38.039968,37.446072],[38.02296,37.443468],[38.005951,37.445258],[37.989675,37.44477],[37.974376,37.435492],[37.930105,37.390815],[37.896414,37.363837],[37.885509,37.350653],[37.878917,37.325141],[37.872813,37.320909],[37.865001,37.317694],[37.857677,37.312934],[37.852143,37.303819],[37.840587,37.26789],[37.85491,37.260037],[37.866791,37.249376],[37.874115,37.234402],[37.874766,37.213324],[37.867931,37.213324],[37.861746,37.224636],[37.85255,37.226508],[37.844249,37.219306],[37.840587,37.20307],[37.843516,37.186632],[37.850678,37.173407],[37.867931,37.151882],[37.874278,37.140082],[37.876231,37.130886],[37.874766,37.106879],[37.868175,37.077663],[37.869395,37.065212],[37.881602,37.054999],[37.893809,37.060167],[37.903819,37.055365],[37.912852,37.047146],[37.922537,37.042019],[37.930756,37.043524],[37.954356,37.052802],[37.967459,37.054999],[37.97877,37.050116],[37.976573,37.038438],[37.964122,37.014106],[37.963878,36.998847],[37.966889,36.990424],[37.981212,36.976833],[38.007904,36.957099],[38.011811,36.949246],[38.013113,36.923692],[38.015147,36.91352],[38.018647,36.904161],[38.036062,36.888739],[38.040538,36.880479],[38.029307,36.876899],[38.021088,36.871121],[38.019054,36.858018],[38.021088,36.844184],[38.025808,36.835639]]]}},{"type":"Feature","properties":{"fid":"sakarya","source":"ne_10m_rivers_lake_centerlines"},"geometry":{"type":"MultiLineString","coordinates":[[[29.534597,40.038275],[29.532481,40.059516],[29.518158,40.075385],[29.47991,40.097846],[29.467703,40.107489],[29.458751,40.117987],[29.452403,40.130316],[29.44752,40.145046],[29.449229,40.171698],[29.467459,40.183458],[29.490489,40.191026],[29.506928,40.204901],[29.50823,40.221055],[29.515147,40.234158],[29.526541,40.243923],[29.541108,40.250027],[29.550873,40.250922],[29.57073,40.249091],[29.580333,40.249945],[29.586681,40.252387],[29.604421,40.262803],[29.646658,40.271674],[29.734955,40.267524],[29.777599,40.272244],[29.808849,40.292019],[29.851817,40.35456],[29.881602,40.37641],[29.949799,40.397976],[29.960216,40.39704],[29.981375,40.391669],[29.991466,40.392646],[30.013682,40.41002],[30.05185,40.467637],[30.074311,40.489529],[30.099864,40.499132],[30.180105,40.501736],[30.224864,40.510321],[30.2706,40.528347],[30.308116,40.556708],[30.327891,40.5963],[30.331554,40.626044],[30.333263,40.632148],[30.336843,40.637641],[30.342459,40.643012],[30.351573,40.648749],[30.370128,40.653673],[30.374115,40.65705],[30.374604,40.6612],[30.374115,40.66767],[30.372976,40.673204],[30.371186,40.67475],[30.377208,40.682685],[30.381358,40.701361],[30.384288,40.707831],[30.388682,40.71015],[30.400401,40.712917],[30.404796,40.715277],[30.407319,40.715888],[30.415619,40.714545],[30.418468,40.715277],[30.418956,40.718085],[30.417735,40.72602],[30.418468,40.728868],[30.423269,40.735948],[30.424246,40.741726],[30.424083,40.747748],[30.425873,40.755561],[30.442149,40.797227],[30.454031,40.815619],[30.473643,40.838731],[30.48878,40.845526],[30.499278,40.853298],[30.510834,40.858588],[30.525401,40.863593],[30.526296,40.863389],[30.548269,40.871609],[30.574229,40.872707],[30.578298,40.874986],[30.592133,40.889797],[30.59726,40.893134],[30.59726,40.900173],[30.590261,40.915391],[30.589122,40.935818],[30.585053,40.954006],[30.569428,40.968492],[30.519705,40.97366],[30.501964,40.977729],[30.514659,40.989569],[30.507823,41.002631],[30.519623,40.998643],[30.528575,40.996853],[30.536632,40.998643],[30.545909,41.006049],[30.554617,41.011013],[30.567312,41.014268],[30.578543,41.013454],[30.586436,41.0008],[30.593191,41.008857],[30.614757,41.058417],[30.617686,41.070868],[30.610606,41.076239],[30.60377,41.083279],[30.598725,41.090928],[30.597179,41.098212],[30.600597,41.106716],[30.606619,41.103624],[30.613048,41.0963],[30.617686,41.091986],[30.633393,41.091091],[30.641612,41.095526],[30.64503,41.108466],[30.6456,41.132921]]]}},{"type":"Feature","properties":{"fid":"buyukmenderes","source":"ne_10m_rivers_lake_centerlines"},"geometry":{"type":"MultiLineString","coordinates":[[[30.480398,38.35871],[30.48406,38.318956],[30.481049,38.285509],[30.468761,38.261176],[30.453868,38.244086],[30.434825,38.215196],[30.417247,38.204454],[30.395274,38.199001],[30.374441,38.198594],[30.355479,38.194037],[30.337983,38.177761],[30.31837,38.159288],[30.292735,38.146104],[30.26767,38.140489],[30.249278,38.139757],[30.23821,38.134833],[30.223074,38.103135],[30.211192,38.097439],[30.195323,38.095567],[30.163585,38.084988],[30.153819,38.089464],[30.144623,38.098171],[30.114187,38.112657],[30.094493,38.127061],[30.076589,38.146837],[30.052419,38.186306],[30.041026,38.197048],[30.026134,38.19949],[29.987071,38.194159],[29.967784,38.195421],[29.949799,38.203437],[29.932872,38.2178],[29.899913,38.228705],[29.843028,38.236192],[29.783621,38.228054],[29.740977,38.214545],[29.716563,38.204128],[29.688894,38.207831],[29.651378,38.178656],[29.586192,38.146267],[29.569021,38.129747],[29.557221,38.115261],[29.483897,38.076199],[29.457774,38.069648],[29.438243,38.081488],[29.429291,38.105292],[29.425548,38.150824],[29.410167,38.176866],[29.391124,38.196723],[29.348237,38.219835],[29.336029,38.218044],[29.311941,38.231309],[29.298757,38.226874],[29.284923,38.220771],[29.252208,38.212185],[29.223562,38.213202],[29.216726,38.205919],[29.204682,38.170966],[29.198253,38.159003],[29.182058,38.150458],[29.164561,38.149522],[29.129161,38.152899],[29.08839,38.15058],[29.069021,38.14411],[29.058604,38.12995],[29.036143,38.118272],[29.011811,38.103583],[29.000499,38.094591],[28.990245,38.084052],[28.984955,38.075873],[28.978119,38.057481],[28.974132,38.049831],[28.960704,38.033555],[28.957042,38.025824],[28.954356,37.994412],[28.955007,37.988634],[28.957612,37.9831],[28.961355,37.978827],[28.963634,37.974189],[28.962657,37.967475],[28.95574,37.96015],[28.944591,37.955146],[28.898692,37.945665],[28.876475,37.947455],[28.831309,37.959499],[28.785818,37.966376],[28.739513,37.966905],[28.71282,37.96369],[28.689708,37.955349],[28.668386,37.942572],[28.647716,37.926378],[28.630951,37.91706],[28.383556,37.887071],[28.346772,37.889838],[28.304861,37.898505],[28.284597,37.898871],[28.186697,37.873725],[28.171886,37.867051],[28.160574,37.859727],[28.148855,37.855902],[28.132091,37.859727],[28.129405,37.861843],[28.124604,37.867743],[28.121186,37.870063],[28.116791,37.870876],[28.067556,37.868028],[28.056407,37.865017],[28.038259,37.859931],[28.02239,37.857937],[27.952891,37.86168],[27.935476,37.858588],[27.921153,37.851426],[27.90683,37.836493],[27.901134,37.831855],[27.894623,37.82864],[27.879649,37.82331],[27.823171,37.791856],[27.789643,37.783393],[27.671479,37.805772],[27.659679,37.81037],[27.649099,37.807563],[27.636485,37.788682],[27.622488,37.793809],[27.615815,37.797553],[27.609874,37.802314],[27.615977,37.809149],[27.597341,37.805691],[27.55128,37.802191],[27.534109,37.796169],[27.534109,37.788682],[27.551199,37.782416],[27.532319,37.778388],[27.486339,37.774441],[27.485037,37.766181],[27.484386,37.735785],[27.483165,37.730333],[27.485769,37.722113],[27.475515,37.708116],[27.480072,37.699286],[27.46575,37.686306],[27.467865,37.684597],[27.469819,37.68476],[27.471609,37.683905],[27.472667,37.678819],[27.46575,37.678819],[27.46575,37.672634],[27.480479,37.666531],[27.486095,37.65705],[27.486908,37.645779],[27.486339,37.634467],[27.477468,37.627875],[27.424815,37.617377],[27.424815,37.610541],[27.431163,37.609931],[27.444753,37.604315],[27.426524,37.594062],[27.408376,37.580878],[27.388194,37.570665],[27.362804,37.569607],[27.370209,37.562771],[27.366466,37.561835],[27.36378,37.561876],[27.362559,37.560655],[27.362804,37.555935],[27.375987,37.549384],[27.371837,37.544867],[27.359874,37.542182],[27.34905,37.541612],[27.337332,37.544542],[27.311046,37.554714],[27.30071,37.555935],[27.289317,37.551581],[27.268077,37.538845],[27.25294,37.535468],[27.249278,37.537421],[27.242442,37.54682],[27.239187,37.549099],[27.233897,37.548122],[27.227061,37.542833],[27.212169,37.538438],[27.206472,37.540107],[27.201915,37.540391],[27.190847,37.541612],[27.189057,37.544745],[27.187022,37.546902],[27.184662,37.548122],[27.182058,37.548774]],[[27.28004,37.545356],[27.27825,37.53323],[27.257742,37.52558],[27.231537,37.521064],[27.211925,37.51496],[27.216401,37.512519],[27.216726,37.511583],[27.218761,37.508124],[27.207286,37.505886],[27.199718,37.498969],[27.194753,37.489691],[27.190847,37.48017]]]}},{"type":"Feature","properties":{"fid":"aras","source":"ne_10m_rivers_lake_centerlines"},"geometry":{"type":"MultiLineString","coordinates":[[[43.466563,40.797797],[43.476573,40.794745],[43.496674,40.792792],[43.507416,40.790351],[43.512706,40.789822],[43.524343,40.791205],[43.529307,40.790351],[43.530772,40.785997],[43.53004,40.77912],[43.531261,40.77265],[43.538585,40.769843],[43.5442,40.76557],[43.55364,40.746853],[43.559093,40.742499],[43.570323,40.741278],[43.577159,40.738064],[43.582612,40.733588],[43.590017,40.728868],[43.642996,40.710028],[43.65211,40.704657],[43.654063,40.693671],[43.663097,40.680935],[43.668549,40.658759],[43.676687,40.654079],[43.686046,40.651638],[43.693777,40.646918],[43.697276,40.640204],[43.706635,40.612169],[43.664236,40.574286],[43.650971,40.553656],[43.65211,40.529608],[43.646007,40.533271],[43.641612,40.534613],[43.637218,40.535346],[43.630951,40.537055],[43.634044,40.533026],[43.635753,40.529975],[43.638438,40.522773],[43.614838,40.520616],[43.593272,40.509223],[43.559093,40.478095],[43.56308,40.464911],[43.584402,40.446845],[43.624766,40.420437],[43.624766,40.413601],[43.609304,40.373236],[43.600597,40.362087],[43.593761,40.34573],[43.604015,40.330024],[43.630951,40.310492],[43.675548,40.266181],[43.690929,40.238837],[43.672537,40.227973],[43.683197,40.210313],[43.714447,40.180935],[43.720876,40.169623],[43.711355,40.156684],[43.665945,40.149197],[43.65211,40.139228],[43.664968,40.110378],[43.710704,40.09101],[43.802257,40.070909],[43.911632,40.024522],[44.031993,40.008857],[44.047862,40.013129],[44.082774,40.031806],[44.104015,40.0362],[44.11378,40.034125],[44.126475,40.024726],[44.134939,40.022528],[44.145518,40.023627],[44.165945,40.028266],[44.194591,40.031033],[44.254812,40.043647],[44.288585,40.043647],[44.325287,40.034857],[44.463878,39.97252],[44.521576,39.933783],[44.547455,39.911689],[44.558604,39.897162],[44.563243,39.881944],[44.566987,39.873318],[44.57545,39.866645],[44.590587,39.858018],[44.593761,39.848253],[44.594168,39.837104],[44.597667,39.831244],[44.611095,39.837592],[44.647227,39.805365],[44.665701,39.796658],[44.670665,39.796088],[44.681895,39.797431],[44.686697,39.796658],[44.691498,39.79328],[44.697358,39.785509],[44.758718,39.723334],[44.783702,39.690497],[44.795421,39.652655],[44.809174,39.637152],[44.827403,39.629014],[44.848725,39.625841],[44.871837,39.625312],[44.868744,39.620795],[44.864838,39.617865],[44.885997,39.606147],[44.89796,39.58454],[44.927989,39.488471],[44.940196,39.468288],[44.961029,39.453966],[44.952891,39.441921],[44.956635,39.43476],[44.982026,39.420356],[44.987315,39.419542],[44.998057,39.419867],[45.005951,39.418158],[45.009532,39.414252],[45.011729,39.409735],[45.015147,39.406195],[45.051199,39.387071],[45.056651,39.382025],[45.060069,39.374823],[45.068126,39.364447],[45.078298,39.355048],[45.087413,39.350938],[45.095632,39.341335],[45.119884,39.29914],[45.128429,39.289496],[45.135346,39.278754],[45.145763,39.228949],[45.152354,39.213813],[45.178396,39.220079],[45.282644,39.193305],[45.285167,39.195176],[45.292084,39.198839],[45.30128,39.201606],[45.310557,39.200751],[45.313406,39.194444],[45.310802,39.185085],[45.310557,39.17654],[45.320567,39.172797],[45.334483,39.1706],[45.347748,39.16413],[45.353445,39.153388],[45.344737,39.138699],[45.351492,39.128526],[45.360037,39.123481],[45.369395,39.119208],[45.378917,39.111396],[45.382904,39.103542],[45.39088,39.081977],[45.395925,39.073513],[45.405365,39.068142],[45.429291,39.059678],[45.434093,39.053046],[45.432058,39.04267],[45.427745,39.034288],[45.424815,39.025906],[45.426687,39.015163],[45.438243,39.004462],[45.459402,38.993354],[45.482026,38.984565],[45.509776,38.978868],[45.530528,38.969509],[45.542735,38.967353],[45.570323,38.96662],[45.627371,38.955756],[45.716401,38.955024],[45.790701,38.932318],[46.001475,38.897732],[46.067475,38.874335],[46.12558,38.862901],[46.202078,38.870714],[46.219656,38.877387],[46.271495,38.906806],[46.290701,38.91413],[46.303966,38.916531],[46.342865,38.917751],[46.367117,38.923896],[46.377859,38.924994],[46.391368,38.922553],[46.495616,38.886298],[46.513601,38.882392],[46.531749,38.883246],[46.553152,38.890082],[46.569347,38.898017],[46.58489,38.907904],[46.598725,38.919949],[46.610037,38.93419],[46.638438,38.979682],[46.651785,38.993191],[46.669932,39.005194],[46.727957,39.028184],[46.744395,39.040473],[46.761241,39.070868],[46.773204,39.085639],[46.781016,39.090603],[46.797537,39.097602],[46.805593,39.102607],[46.81129,39.10871],[46.837006,39.143419],[46.850515,39.155829],[46.865733,39.165595],[46.882416,39.171698],[46.898367,39.171942],[46.926036,39.162299],[46.941173,39.159125],[46.953298,39.160915],[47.02003,39.190212],[47.030284,39.199815],[47.035655,39.207302],[47.052419,39.245185],[47.088471,39.290107],[47.091889,39.300076],[47.101736,39.308661],[47.149669,39.331366],[47.249278,39.361518],[47.290701,39.379828],[47.324148,39.406195],[47.37379,39.455756],[47.406505,39.476996],[47.448253,39.49494],[47.518321,39.513454],[47.540619,39.515448],[47.55364,39.522244],[47.606537,39.563829],[47.744884,39.62405],[47.803315,39.670193],[47.822683,39.680609],[47.846446,39.685492],[47.922455,39.684394],[47.934825,39.686713],[47.945242,39.694159],[47.962576,39.714423],[47.97519,39.721503],[47.975678,39.750922],[47.97877,39.762519],[47.991303,39.780219],[47.999929,39.798285],[48.003022,39.803412],[48.009695,39.806342],[48.025808,39.808539],[48.033946,39.813666],[48.04184,39.824042],[48.046967,39.82571],[48.063569,39.815945],[48.067556,39.821357],[48.071381,39.837592],[48.080658,39.856065],[48.092377,39.864936],[48.112885,39.865546],[48.114268,39.881171],[48.168956,39.881293],[48.191824,39.889106],[48.203054,39.895209],[48.216726,39.894843],[48.230724,39.892524],[48.242768,39.892849],[48.256847,39.899766],[48.278901,39.919135],[48.290538,39.926947],[48.315684,39.935574],[48.330007,39.938788],[48.342052,39.940009],[48.348888,39.943305],[48.357514,39.950507],[48.368744,39.95779],[48.383311,39.961046],[48.4345,39.988389],[48.441498,39.993964],[48.468761,40.022528]]]}},{"type":"Feature","properties":{"fid":"murat","source":"ne_10m_rivers_lake_centerlines"},"geometry":{"type":"MultiLineString","coordinates":[[[39.861257,38.684638],[39.84962,38.670233],[39.832937,38.654608],[39.817149,38.643093],[39.798269,38.638129],[39.780365,38.636298],[39.737071,38.640326],[39.726166,38.643907],[39.707123,38.652615],[39.688894,38.663031],[39.670502,38.663398],[39.646007,38.656521],[39.616303,38.656602],[39.586436,38.66059],[39.560639,38.659369],[39.528087,38.655951],[39.499604,38.668891],[39.48821,38.700059],[39.480724,38.727159],[39.481049,38.749864],[39.476573,38.766547],[39.464854,38.769599],[39.452159,38.774604],[39.448009,38.776679],[39.443614,38.778347],[39.44044,38.779731],[39.428722,38.782172],[39.403819,38.777411],[39.396495,38.778754],[39.397472,38.777289],[39.389578,38.782782],[39.370616,38.801378],[39.355235,38.808417],[39.307384,38.823065],[39.289561,38.83157],[39.274832,38.841091],[39.261322,38.85281],[39.248546,38.857489],[39.245616,38.857774],[39.244884,38.857856],[39.235444,38.858669],[39.205658,38.858222],[39.110281,38.876044],[39.086925,38.883612],[39.069265,38.886542],[39.051036,38.887722],[39.034109,38.88703],[39.003998,38.896674],[38.919526,38.891669],[38.812592,38.875027]]]}},{"type":"Feature","properties":{"fid":"murat","source":"ne_10m_rivers_lake_centerlines"},"geometry":{"type":"MultiLineString","coordinates":[[[43.583914,39.412421],[43.625011,39.460313],[43.630951,39.470771],[43.638113,39.480089],[43.670421,39.502712],[43.679454,39.515448],[43.669688,39.549343],[43.636322,39.574774],[43.562755,39.604193],[43.525483,39.61225],[43.441661,39.618028],[43.40504,39.625312],[43.389659,39.633368],[43.378835,39.642361],[43.366466,39.649604],[43.34669,39.652655],[43.336436,39.655829],[43.322358,39.669949],[43.312266,39.673122],[43.301362,39.671983],[43.279552,39.667304],[43.267182,39.666287],[43.228933,39.671007],[43.117686,39.707221],[43.07252,39.712226],[43.051199,39.710557],[43.042003,39.704169],[43.010753,39.650946],[43.000987,39.638983],[42.99407,39.638495],[42.98463,39.640896],[42.976654,39.643988],[42.973725,39.645819],[42.968761,39.639106],[42.969168,39.632148],[42.971609,39.626899],[42.973725,39.625312],[42.956309,39.607937],[42.947276,39.602729],[42.937104,39.601264],[42.928722,39.598009],[42.92099,39.576199],[42.911143,39.56745],[42.891124,39.556993],[42.851736,39.542426],[42.76767,39.528632],[42.726003,39.515448],[42.709727,39.505316],[42.696056,39.492011],[42.671397,39.460801],[42.658376,39.439887],[42.650808,39.435004],[42.634288,39.433539],[42.627533,39.428412],[42.60377,39.399359],[42.574962,39.377631],[42.56544,39.365343],[42.538585,39.294013],[42.534597,39.266913],[42.54184,39.248562],[42.535574,39.233466],[42.53297,39.215684],[42.533132,39.200548],[42.534923,39.193305],[42.528412,39.169379],[42.523367,39.161933],[42.510834,39.159125],[42.465912,39.165961],[42.402354,39.164822],[42.376557,39.159125],[42.353038,39.16946],[42.252696,39.158149],[42.212169,39.165961],[42.195323,39.160712],[42.165701,39.165229],[42.149994,39.159125],[42.121023,39.135118],[42.107677,39.127875],[42.089285,39.124376],[42.059093,39.123847],[42.048432,39.120673],[42.034597,39.111396],[42.01474,39.093329],[42.010753,39.090888],[41.999522,39.092068],[41.991628,39.094062],[41.985362,39.094428],[41.979421,39.090888],[41.976654,39.09455],[41.966319,39.10456],[41.954845,39.090766],[41.938569,39.082546],[41.920909,39.081895],[41.904307,39.090888],[41.903901,39.066514],[41.891043,39.056952],[41.83074,39.056098],[41.731619,39.037624],[41.708751,39.036241],[41.686697,39.037787],[41.671641,39.042182],[41.636729,39.056708],[41.628998,39.057929],[41.612315,39.056423],[41.60255,39.056708],[41.591726,39.060736],[41.570567,39.074286],[41.564464,39.077216],[41.544851,39.069932],[41.536143,39.052069],[41.533702,39.008979],[41.532237,39.002956],[41.527436,38.993232],[41.527436,38.98786],[41.531668,38.978135],[41.536225,38.974189],[41.540131,38.969428],[41.54184,38.957465],[41.538585,38.94892],[41.524425,38.942816],[41.521414,38.936347],[41.523367,38.921942],[41.527436,38.905951],[41.540619,38.885281],[41.547537,38.870469],[41.547944,38.858181],[41.539236,38.851142],[41.528087,38.853461],[41.507091,38.864325],[41.48463,38.870876],[41.479584,38.871161],[41.473562,38.866563],[41.473643,38.861436],[41.475108,38.856024],[41.472179,38.850653],[41.451752,38.83808],[41.444753,38.832587],[41.43808,38.822781],[41.427013,38.838324],[41.424408,38.844509],[41.417572,38.844509],[41.414806,38.838894],[41.407481,38.829657],[41.404063,38.822781],[41.376557,38.844509],[41.373546,38.842475],[41.366628,38.840399],[41.359467,38.843695],[41.356212,38.858181],[41.347097,38.854315],[41.341401,38.854071],[41.328217,38.858181],[41.31601,38.849473],[41.296886,38.842841],[41.237559,38.834581],[41.222341,38.827704],[41.20989,38.817084],[41.197846,38.803534],[41.178152,38.771267],[41.166108,38.75963],[41.146576,38.755072],[41.130056,38.758857],[40.990164,38.849392],[40.95045,38.887885],[40.945323,38.890733],[40.938406,38.891669],[40.926687,38.889838],[40.918386,38.885077],[40.912201,38.880194],[40.907156,38.877997],[40.885671,38.875841],[40.763764,38.839464],[40.742686,38.836982],[40.705089,38.838731],[40.689708,38.837104],[40.670909,38.830186],[40.623464,38.801622],[40.607026,38.779731],[40.585216,38.772895],[40.560069,38.768419],[40.540538,38.762519],[40.535167,38.757514],[40.528087,38.746202],[40.520112,38.74079],[40.510997,38.737616],[40.491466,38.734809],[40.481944,38.734646],[40.467865,38.731269],[40.434093,38.716742],[40.417735,38.713487],[40.253184,38.74079],[40.245697,38.748318],[40.221446,38.738796],[40.196788,38.742255],[40.171641,38.750515],[40.146414,38.755072],[40.133067,38.752794],[40.118663,38.743028],[40.105479,38.74079],[40.058849,38.745632],[40.050548,38.744574],[40.031016,38.728095],[40.008393,38.716376],[39.925548,38.688096],[39.91684,38.686225],[39.901866,38.687527],[39.889415,38.690985],[39.878673,38.692003],[39.861257,38.684638]]]}},{"type":"Feature","properties":{"fid":"kizilirmak","source":"ne_10m_rivers_europe"},"geometry":{"type":"LineString","coordinates":[[38.366466,39.862982],[38.348399,39.867174],[38.32545,39.866645],[38.295421,39.85928],[38.266124,39.855129],[38.244965,39.862454],[38.225841,39.875312],[38.201508,39.884711],[38.17628,39.88817],[38.126231,39.885484],[38.083344,39.888902],[38.042735,39.896308],[38.005707,39.909817],[37.969086,39.912014],[37.9463,39.920559],[37.910981,39.924221],[37.899913,39.928697],[37.890961,39.929918],[37.853689,39.916205],[37.780772,39.908881],[37.760997,39.897406],[37.746267,39.886135],[37.694835,39.878404],[37.660899,39.879788]]}},{"type":"Feature","properties":{"fid":"yesilirmak","source":"ne_10m_rivers_europe"},"geometry":{"type":"MultiLineString","coordinates":[[[37.871349,40.062242],[37.85434,40.06859],[37.840099,40.07982],[37.829438,40.097805],[37.813975,40.115465],[37.787608,40.125881],[37.763682,40.132554],[37.754161,40.141262],[37.750743,40.152086],[37.741466,40.164049],[37.727306,40.172838],[37.694347,40.178371],[37.675792,40.184231],[37.657563,40.194241],[37.622406,40.22012],[37.52589,40.273627],[37.494395,40.28384],[37.45753,40.2897],[37.39031,40.293606],[37.304698,40.318834],[37.263438,40.326321],[37.241059,40.326239],[37.22755,40.323717],[37.181895,40.326809],[37.154145,40.324652],[37.123302,40.325426],[37.028087,40.354275]],[[36.925304,40.401842],[36.893565,40.424465],[36.869477,40.435452],[36.841807,40.442206],[36.812266,40.446519],[36.783214,40.446438],[36.756602,40.442328],[36.732758,40.429674],[36.688813,40.388658],[36.666515,40.377143],[36.603038,40.354397],[36.562673,40.34398],[36.52296,40.343736],[36.481293,40.347154],[36.436534,40.345852],[36.396821,40.337633],[36.336192,40.312567],[36.289073,40.306627],[36.240896,40.308661],[36.205821,40.31566],[36.184337,40.322496],[36.15797,40.325588],[36.141449,40.341051],[36.128591,40.348538],[36.114024,40.361721],[36.101573,40.384508],[36.09669,40.410875],[36.100922,40.432766],[36.101573,40.448391],[36.088227,40.459784],[36.021658,40.478013],[36.00587,40.497016],[35.993907,40.503811],[35.971446,40.506252],[35.847667,40.503811],[35.801768,40.51081],[35.767589,40.525539],[35.754161,40.543647],[35.758556,40.558905],[35.777517,40.579006]]]}},{"type":"Feature","properties":{"fid":"buyukmenderes","source":"ne_10m_rivers_europe"},"geometry":{"type":"LineString","coordinates":[[27.484386,37.735785],[27.460216,37.721584],[27.449962,37.707465],[27.41627,37.682359],[27.375336,37.658922],[27.332042,37.643622],[27.304535,37.615139],[27.282563,37.599677],[27.258474,37.591051],[27.238048,37.591213],[27.212169,37.585598]]}},{"type":"Feature","properties":{"fid":"gediz","source":"ne_10m_rivers_europe"},"geometry":{"type":"MultiLineString","coordinates":[[[28.341807,38.634508],[28.335704,38.629055],[28.316417,38.619208],[28.295421,38.612047],[28.279063,38.603013],[28.26588,38.576809],[28.256358,38.573391],[28.238536,38.572455],[28.213878,38.566555],[28.191091,38.556952],[28.162364,38.537991],[28.1338,38.528795],[28.095714,38.527493],[28.023692,38.546617],[27.980479,38.544664],[27.963145,38.551174],[27.9463,38.560492],[27.928722,38.565904],[27.909679,38.566311],[27.870291,38.561428],[27.83253,38.566352],[27.767589,38.558498],[27.74171,38.561184],[27.724783,38.56509],[27.699474,38.564846],[27.677989,38.57392],[27.649587,38.582099],[27.594574,38.578437],[27.579926,38.58397],[27.567231,38.59512],[27.54713,38.606187],[27.525076,38.613471],[27.4935,38.619045],[27.461111,38.644029],[27.442149,38.649644],[27.424815,38.657375],[27.398611,38.693549],[27.382823,38.702704],[27.364106,38.700588],[27.300059,38.667711],[27.278331,38.660875],[27.241547,38.65526],[27.218028,38.645453],[27.191254,38.638088],[27.142345,38.644761],[27.102875,38.638902],[27.070567,38.645982],[27.033051,38.650784],[26.999034,38.642808],[26.980154,38.624172],[26.97934,38.603013],[26.983897,38.581936],[26.977306,38.5633],[26.961599,38.550686],[26.925466,38.539618],[26.877778,38.526353]],[[29.722911,38.978339],[29.694102,38.99608],[29.662608,39.003811],[29.621755,38.99844],[29.520681,38.973538],[29.448416,38.976955],[29.401703,38.970933],[29.355805,38.958401],[29.322276,38.945461],[29.304861,38.933092],[29.29835,38.922105],[29.294688,38.905219],[29.284028,38.878648],[29.258637,38.840481],[29.183279,38.752631],[29.155935,38.700344],[29.137706,38.690497],[29.079845,38.674262],[29.011729,38.672431],[28.98878,38.66885],[28.972423,38.658433],[28.935232,38.626125],[28.918305,38.618394],[28.847179,38.621568],[28.802257,38.607896],[28.769298,38.610989],[28.737559,38.625678],[28.716319,38.64761],[28.702647,38.668891],[28.688813,38.682034],[28.668224,38.685533],[28.598155,38.68122],[28.554698,38.68358],[28.51824,38.690172],[28.480968,38.702094],[28.434581,38.7001]]]}},{"type":"Feature","properties":{"fid":"aras","source":"ne_10m_rivers_europe"},"geometry":{"type":"LineString","coordinates":[[41.327322,39.36579],[41.286306,39.408922],[41.272716,39.429918],[41.2671,39.452786],[41.267833,39.478664],[41.274425,39.501166],[41.287364,39.525377],[41.282563,39.549709],[41.287608,39.567206],[41.308116,39.58454],[41.343761,39.597886],[41.379568,39.607896],[41.418224,39.624986],[41.443858,39.632392],[41.474294,39.635159],[41.525157,39.629788],[41.553396,39.639553],[41.588715,39.630764],[41.646495,39.635688],[41.692393,39.623033],[41.71046,39.62344],[41.728038,39.632066],[41.747081,39.645657],[41.767833,39.67178],[41.789561,39.710842],[41.797618,39.75609],[41.778819,39.825914],[41.799083,39.841213],[41.833995,39.854193],[41.863129,39.877265],[41.882009,39.903144],[41.892345,39.922838],[41.894216,39.939439],[41.892833,39.957913],[41.906586,39.97899],[41.945323,40.002387],[41.997081,40.021715],[42.042735,40.033108],[42.079356,40.035386],[42.133067,40.028713],[42.155772,40.028306],[42.173188,40.034369],[42.201182,40.060533],[42.229991,40.074449],[42.264903,40.083238],[42.319184,40.087836],[42.352875,40.106106],[42.421641,40.117336],[42.484548,40.132473],[42.537446,40.137356],[42.562266,40.141791],[42.582693,40.149807],[42.60906,40.167141],[42.634125,40.164293],[42.649181,40.175686],[42.66505,40.179429],[42.680919,40.176907],[42.695079,40.158677],[42.725108,40.145901],[42.750987,40.130601],[42.774669,40.110093],[42.788585,40.08983],[42.807872,40.076402],[42.844737,40.072414],[42.8838,40.077541],[42.908458,40.086168],[42.927013,40.096015],[42.990733,40.118964],[43.093923,40.17064],[43.12672,40.184719],[43.153575,40.184027],[43.222341,40.164049],[43.244884,40.162991],[43.270518,40.164537],[43.31129,40.160875],[43.351248,40.152493],[43.395274,40.132799],[43.427257,40.123765],[43.461925,40.119615],[43.513438,40.125393],[43.576427,40.126125],[43.611176,40.131741],[43.640391,40.13345],[43.65211,40.139228]]}},{"type":"Feature","properties":{"fid":"seyhan","source":"ne_10m_rivers_europe"},"geometry":{"type":"MultiLineString","coordinates":[[[35.320079,37.064602],[35.33074,37.042141],[35.332367,37.007554],[35.326671,36.943996],[35.329112,36.920233],[35.334483,36.899482],[35.34669,36.882148],[35.365733,36.866604],[35.381358,36.850084],[35.385509,36.830552],[35.378591,36.811469],[35.352387,36.775051],[35.312022,36.707831],[35.29005,36.683743],[35.267751,36.666815]],[[35.283051,37.211249],[35.274669,37.193671],[35.27947,37.164374],[35.31072,37.119778],[35.310313,37.117418]],[[36.761485,38.822984],[36.766775,38.850043],[36.765391,38.872748],[36.742849,38.908922],[36.739106,38.939114],[36.731212,38.971177],[36.708995,38.995307],[36.678396,39.008938],[36.650157,39.015448],[36.629161,39.014553],[36.600352,39.007473],[36.57488,39.010647],[36.547537,39.019761],[36.528168,39.031317],[36.513682,39.036811],[36.498057,39.031317],[36.483735,39.016506],[36.472504,38.999498],[36.465831,38.980455],[36.462413,38.960842],[36.46754,38.941474],[36.493337,38.904202],[36.495372,38.882961],[36.489106,38.864],[36.478201,38.841864],[36.482107,38.834174],[36.483084,38.825588],[36.458751,38.799506],[36.451915,38.781155],[36.438813,38.763129],[36.410492,38.748847],[36.381847,38.737494],[36.360199,38.719224],[36.326427,38.7119],[36.284516,38.68651],[36.183604,38.662991],[36.16212,38.648668],[36.146007,38.627916],[36.124522,38.606594],[36.089854,38.590888],[36.055186,38.579332],[36.033702,38.568101],[36.024262,38.552924],[36.018809,38.531968],[36.019379,38.509426],[36.024669,38.490139],[36.021983,38.474595],[35.978282,38.445705],[35.944347,38.409125],[35.911388,38.392971],[35.894786,38.378323],[35.88795,38.352362],[35.902192,38.285956],[35.896983,38.268541],[35.886892,38.259345],[35.878103,38.234849],[35.867198,38.224107],[35.850759,38.219957],[35.809337,38.227118],[35.747081,38.219875],[35.716156,38.225735],[35.693533,38.23664],[35.669119,38.251614],[35.649425,38.254299],[35.628591,38.252427],[35.614431,38.247463],[35.605968,38.2355],[35.589122,38.19066],[35.57309,38.158881],[35.560883,38.127102],[35.560883,38.079332],[35.553966,38.060289],[35.539317,38.046373],[35.507009,38.027818],[35.497325,38.01203],[35.495453,37.992174],[35.50172,37.953437],[35.492035,37.917955],[35.503184,37.897895],[35.497813,37.878485],[35.483084,37.856757],[35.451671,37.828681],[35.442393,37.808336],[35.43214,37.796332],[35.424327,37.780585],[35.426768,37.761379],[35.437348,37.746161],[35.464366,37.734442],[35.506033,37.701646],[35.565603,37.674058],[35.574067,37.661689],[35.573253,37.647935],[35.577322,37.631985],[35.57602,37.616645],[35.562511,37.604438],[35.54363,37.592231],[35.529552,37.57689],[35.521821,37.557196],[35.514171,37.515611],[35.502208,37.498684],[35.505138,37.48843],[35.502696,37.473049],[35.463878,37.434231],[35.455333,37.417385],[35.460948,37.399848],[35.474376,37.378648],[35.479747,37.355129],[35.465505,37.332017],[35.442556,37.310289],[35.426768,37.290188],[35.410411,37.276679]]]}},{"type":"Feature","properties":{"fid":"coruh","source":"ne_10m_rivers_europe"},"geometry":{"type":"LineString","coordinates":[[41.111013,40.376614],[41.080333,40.374986],[41.048676,40.362942],[41.000336,40.32807],[40.981212,40.329495],[40.954356,40.338284],[40.914317,40.34162],[40.865977,40.331285],[40.818858,40.307115],[40.777843,40.281887],[40.743663,40.268988],[40.713878,40.262437],[40.683279,40.25259],[40.655284,40.238837],[40.631847,40.222886],[40.608735,40.210842],[40.581554,40.206448],[40.532481,40.203925],[40.456879,40.196438],[40.375824,40.193183],[40.313731,40.201158],[40.273611,40.21955],[40.245372,40.241441],[40.233409,40.269232],[40.232188,40.301907],[40.240245,40.333726],[40.250743,40.359605],[40.264334,40.376939],[40.279959,40.388251],[40.302582,40.391588],[40.368175,40.387437],[40.427745,40.391262],[40.47462,40.387926],[40.575694,40.404202],[40.616466,40.407375],[40.666759,40.407864],[40.690196,40.422309],[40.730968,40.427639],[40.771007,40.444241],[40.877208,40.450263],[40.943044,40.4619],[40.976817,40.481431],[41.06186,40.557115],[41.106212,40.582261],[41.146658,40.60163],[41.181977,40.626695],[41.229259,40.664374],[41.252452,40.673651],[41.286876,40.683987],[41.359711,40.699937],[41.392426,40.71369],[41.422537,40.729397],[41.444591,40.745103],[41.482921,40.754869],[41.492686,40.764065],[41.502289,40.77912],[41.521251,40.799058],[41.552419,40.81509],[41.632172,40.825426],[41.666026,40.838813],[41.687673,40.857001],[41.705414,40.884955],[41.7317,40.901353],[41.749278,40.917222],[41.761078,40.938951],[41.76588,40.989163],[41.780528,41.019517],[41.796072,41.045559],[41.805431,41.074408],[41.817068,41.091051],[41.837413,41.108629],[41.884044,41.136298],[41.895518,41.1494],[41.893077,41.162828],[41.881602,41.176418],[41.865408,41.185533],[41.835623,41.191881],[41.814301,41.204006],[41.795177,41.223863],[41.773285,41.272162],[41.754405,41.299954],[41.733653,41.321763],[41.704926,41.341539],[41.690929,41.355618],[41.683116,41.372545],[41.685557,41.387926],[41.69516,41.408596],[41.705089,41.438218],[41.711192,41.470201],[41.710297,41.517035],[41.712657,41.534817],[41.700531,41.5539],[41.664887,41.577704],[41.622406,41.598049],[41.602061,41.61872]]}},{"type":"Feature","properties":{"fid":"sakarya","source":"ne_10m_rivers_europe"},"geometry":{"type":"LineString","coordinates":[[30.724132,39.020209],[30.703949,39.036607],[30.68629,39.05508],[30.67213,39.076402],[30.666759,39.098334],[30.673839,39.137356],[30.669119,39.156968],[30.641449,39.196194],[30.624848,39.211086],[30.608653,39.220038],[30.59311,39.233832],[30.57838,39.260321],[30.570567,39.287909],[30.572032,39.304348],[30.579112,39.319159],[30.584727,39.343004],[30.596934,39.372138],[30.619314,39.399726],[30.681814,39.461249],[30.711599,39.477932],[30.72047,39.487738],[30.733409,39.497219],[30.783214,39.51024],[30.804698,39.520494],[30.821462,39.535631],[30.835948,39.553941],[30.854991,39.569525],[30.882091,39.577826],[30.912934,39.57217],[30.940929,39.553941],[30.963145,39.533596],[30.989024,39.514553],[30.999522,39.484076],[31.012462,39.468085],[31.042654,39.451606],[31.18214,39.40058],[31.192719,39.401313],[31.212169,39.39883],[31.248383,39.385932],[31.312511,39.355699],[31.324718,39.340074],[31.331554,39.316555],[31.342784,39.290269],[31.365001,39.268256],[31.389903,39.256578],[31.420258,39.252672],[31.456228,39.218573],[31.479991,39.209418],[31.502126,39.205227],[31.535818,39.192857],[31.563731,39.189846],[31.592784,39.191636],[31.630138,39.203681],[31.651215,39.205227],[31.672862,39.198188],[31.70753,39.169989],[31.722911,39.165961],[31.758556,39.162991]]}},{"type":"Feature","properties":{"fid":"sakarya","source":"ne_10m_rivers_europe"},"geometry":{"type":"MultiLineString","coordinates":[[[30.035167,38.78384],[30.041026,38.793891],[30.055431,38.80036],[30.119314,38.804836],[30.192231,38.82392],[30.218028,38.823554],[30.242686,38.819566],[30.306,38.820217],[30.329356,38.816636],[30.349132,38.819566],[30.372325,38.835761],[30.401541,38.848863],[30.435802,38.844713],[30.464203,38.82803],[30.47877,38.810777],[30.499278,38.795356],[30.590099,38.766832],[30.648285,38.725491],[30.703298,38.721096],[30.77947,38.69066],[30.818044,38.681545],[30.849864,38.68122],[30.873709,38.685736],[30.902192,38.687812],[30.98585,38.674262],[31.017263,38.675727],[31.034841,38.673],[31.056814,38.665473],[31.099457,38.645901],[31.120616,38.639106],[31.144786,38.637437],[31.173106,38.640123],[31.198985,38.640082],[31.217052,38.631741],[31.234874,38.619696],[31.282481,38.600735],[31.296153,38.585028],[31.316742,38.57099]],[[31.503591,38.600491],[31.507823,38.602688],[31.568126,38.612209],[31.604503,38.624254],[31.633637,38.643012],[31.641612,38.663479],[31.640961,38.684882],[31.649181,38.705878],[31.666515,38.722642],[31.712413,38.744208],[31.735037,38.758368],[31.757986,38.767076],[31.782725,38.764146],[31.805837,38.756496],[31.83839,38.750881],[31.847423,38.743557],[31.857188,38.739244],[31.872813,38.744045],[31.887706,38.75609],[31.903087,38.780422],[31.914561,38.786444],[31.929454,38.798082],[31.944347,38.822496],[31.954112,38.851874],[31.959727,38.89175],[31.981944,38.912095],[31.982595,38.922675],[31.969005,38.932115],[31.915863,38.945461],[31.867361,38.964504],[31.854259,38.966132],[31.844493,38.972724],[31.831391,38.99315],[31.827322,39.02025],[31.838878,39.042955],[31.851248,39.05858],[31.848888,39.068508],[31.84197,39.075385],[31.843598,39.092515],[31.835216,39.100246],[31.820323,39.103502],[31.805431,39.101793],[31.790212,39.102607],[31.774181,39.111965],[31.761404,39.129299],[31.753591,39.149563],[31.758556,39.162991],[31.799978,39.16234],[31.816661,39.170152],[31.828624,39.178046],[31.861501,39.171454],[31.885265,39.185045],[31.938324,39.204535],[31.948497,39.215033],[31.956065,39.225531],[31.978038,39.230455],[31.999848,39.232733],[32.023611,39.251044],[32.042735,39.275092],[32.035818,39.305243],[32.004242,39.322252],[31.983246,39.348212],[31.982677,39.386461],[31.979666,39.391995],[31.975271,39.404934],[31.985037,39.435126],[31.990489,39.465155],[31.991222,39.495917],[31.979503,39.516791],[31.965099,39.534898],[31.961192,39.566148],[31.95338,39.577216],[31.961925,39.594713],[31.970063,39.612006],[31.971202,39.645657],[31.982758,39.674221],[31.986827,39.697577],[31.985606,39.709133],[31.984548,39.719672],[31.976085,39.732571],[31.96225,39.734117],[31.934744,39.72484],[31.928477,39.729397],[31.93393,39.740912],[31.950206,39.753811],[31.959158,39.773627],[31.947032,39.801988],[31.917491,39.829779],[31.903819,39.837348],[31.879568,39.838324],[31.867198,39.845282],[31.852387,39.861965],[31.844981,39.876044],[31.811697,39.878119],[31.782237,39.89057],[31.757009,39.920233],[31.743012,39.951361],[31.738617,39.976386],[31.726085,39.994086],[31.726899,40.023505],[31.704926,40.021023]],[[31.516205,40.026353],[31.492524,40.02204],[31.459809,40.030097],[31.430837,40.023586],[31.389171,40.056871],[31.364106,40.054511],[31.338878,40.048285],[31.246918,40.057685],[31.21811,40.064643],[31.18865,40.062161],[31.153575,40.068101],[31.128429,40.074693],[31.114268,40.073432],[31.101085,40.068264],[31.052501,40.060696],[31.009288,40.041164],[30.977061,40.037828],[30.937348,40.043891],[30.896495,40.057034],[30.865245,40.073635],[30.848806,40.088284],[30.833344,40.093248],[30.804698,40.086656],[30.775157,40.077216],[30.745128,40.074897],[30.704926,40.059963],[30.656993,40.052965],[30.636729,40.042873],[30.599376,40.040839],[30.567393,40.034654],[30.529145,40.032131],[30.490977,40.039455],[30.456309,40.050035],[30.40797,40.060045],[30.391938,40.079983],[30.376475,40.088772],[30.353852,40.092475],[30.300466,40.089504],[30.267345,40.093492],[30.233572,40.105455],[30.203136,40.123236],[30.179698,40.145453],[30.162852,40.16828],[30.145763,40.186754],[30.097016,40.208401],[30.079112,40.222357],[30.071544,40.237454],[30.07252,40.264553],[30.062673,40.305854],[30.069102,40.322008],[30.070567,40.337226],[30.054698,40.355943],[30.034028,40.376125],[30.013682,40.410061]]]}},{"type":"Feature","properties":{"fid":"yesilirmak","source":"ne_10m_rivers_europe"},"geometry":{"type":"LineString","coordinates":[[37.028087,40.354275],[37.003266,40.361762],[36.969737,40.375474],[36.937836,40.39289],[36.925304,40.401842]]}},{"type":"Feature","properties":{"fid":"gediz","source":"ne_10m_rivers_europe"},"geometry":{"type":"LineString","coordinates":[[28.434581,38.7001],[28.409679,38.699449],[28.391938,38.693101],[28.376801,38.679185],[28.351573,38.643297],[28.341807,38.634508]]}},{"type":"Feature","properties":{"fid":"seyhan","source":"ne_10m_rivers_europe"},"geometry":{"type":"LineString","coordinates":[[35.410411,37.276679],[35.353282,37.26439],[35.317068,37.248277],[35.288585,37.222846],[35.283051,37.211249]]}},{"type":"Feature","properties":{"fid":"seyhan","source":"ne_10m_rivers_europe"},"geometry":{"type":"LineString","coordinates":[[35.310313,37.117418],[35.306326,37.093736],[35.320079,37.064602]]}},{"type":"Feature","properties":{"fid":"sakarya","source":"ne_10m_rivers_europe"},"geometry":{"type":"MultiLineString","coordinates":[[[31.704926,40.021023],[31.681163,40.018378],[31.675955,40.021145]],[[31.675955,40.021145],[31.64031,40.040025],[31.604177,40.029975],[31.531505,40.02912],[31.516205,40.026353]]]}},{"type":"Feature","properties":{"fid":"sakarya","source":"ne_10m_rivers_europe"},"geometry":{"type":"LineString","coordinates":[[31.316742,38.57099],[31.352306,38.548082],[31.402843,38.551663],[31.427013,38.556952],[31.447276,38.571031],[31.48113,38.588772],[31.503591,38.600491]]}},{"type":"Feature","properties":{"fid":"egirdir","source":"ne_10m_lakes"},"geometry":{"type":"Polygon","coordinates":[[[30.809773,38.270688],[30.860109,38.280991],[30.893078,38.274809],[30.882775,38.240369],[30.86894,38.208283],[30.855105,38.175903],[30.856282,38.150293],[30.8919,38.143523],[30.92428,38.122034],[30.93841,38.092304],[30.944003,38.067871],[30.947535,38.050798],[30.958132,38.022834],[30.966669,37.990159],[30.948124,37.963667],[30.918099,37.928048],[30.905147,37.894785],[30.898376,37.868293],[30.876593,37.852397],[30.855693,37.861522],[30.84804,37.877123],[30.834499,37.88566],[30.811833,37.910387],[30.79476,37.931875],[30.77857,37.940117],[30.7718,37.959251],[30.777098,37.980151],[30.796821,37.996341],[30.812716,38.016652],[30.831556,38.049915],[30.852161,38.076997],[30.843624,38.111143],[30.813894,38.138224],[30.774155,38.148527],[30.755021,38.171193],[30.751194,38.195331],[30.752077,38.223001],[30.773271,38.25126],[30.809773,38.270688]]]}},{"type":"Feature","properties":{"fid":"beysehir","source":"ne_10m_lakes"},"geometry":{"type":"Polygon","coordinates":[[[31.485633,37.61043],[31.465027,37.60778],[31.456491,37.628091],[31.459434,37.669891],[31.451781,37.687553],[31.452664,37.699328],[31.45914,37.717872],[31.436474,37.757317],[31.41263,37.800883],[31.388787,37.832969],[31.353757,37.869176],[31.339334,37.894785],[31.324027,37.91804],[31.318728,37.95042],[31.357879,37.962195],[31.394674,37.966316],[31.418518,37.977207],[31.447954,37.957191],[31.474152,37.932464],[31.498879,37.910387],[31.527727,37.886837],[31.561579,37.86947],[31.575708,37.847687],[31.580712,37.834146],[31.593076,37.817662],[31.594842,37.794407],[31.602201,37.781161],[31.613092,37.784693],[31.626633,37.79529],[31.646355,37.795879],[31.654892,37.77233],[31.673143,37.743777],[31.686095,37.727586],[31.702285,37.70492],[31.706406,37.676367],[31.674909,37.66577],[31.644295,37.658117],[31.582478,37.641338],[31.526255,37.635745],[31.515658,37.628386],[31.520073,37.6172],[31.5239,37.604837],[31.508299,37.60101],[31.485633,37.61043]]]}},{"type":"Feature","properties":{"fid":"ataturk","source":"ne_10m_lakes"},"geometry":{"type":"Polygon","coordinates":[[[38.61366,37.549202],[38.603357,37.54096],[38.604535,37.520354],[38.601297,37.492095],[38.57657,37.4762],[38.561557,37.481792],[38.545073,37.483264],[38.519758,37.47355],[38.533004,37.45265],[38.558025,37.423803],[38.540069,37.417621],[38.490027,37.444703],[38.43086,37.463542],[38.37287,37.472962],[38.336075,37.483264],[38.316941,37.497688],[38.316058,37.517705],[38.303695,37.534189],[38.286033,37.550968],[38.280734,37.562154],[38.273669,37.573634],[38.255124,37.584231],[38.247765,37.596006],[38.257479,37.61249],[38.277496,37.614845],[38.308699,37.600421],[38.314586,37.582171],[38.323123,37.566864],[38.340784,37.572162],[38.349027,37.60572],[38.342256,37.654584],[38.339901,37.679605],[38.364922,37.657528],[38.389943,37.650757],[38.401423,37.660177],[38.425856,37.660177],[38.439396,37.653995],[38.44911,37.635745],[38.458824,37.622204],[38.440574,37.626325],[38.421146,37.627208],[38.415847,37.608663],[38.405544,37.602187],[38.384645,37.598361],[38.373459,37.5754],[38.367572,37.554795],[38.372576,37.542137],[38.374931,37.528596],[38.374636,37.50858],[38.387294,37.495333],[38.39583,37.507991],[38.406428,37.517411],[38.418497,37.524181],[38.449993,37.53154],[38.485906,37.544786],[38.492676,37.567747],[38.505628,37.580404],[38.530355,37.582759],[38.541835,37.591002],[38.558025,37.601599],[38.577453,37.606308],[38.593643,37.608958],[38.621019,37.619849],[38.623668,37.638689],[38.62985,37.651935],[38.661053,37.650757],[38.704618,37.648108],[38.738176,37.659294],[38.713744,37.693735],[38.679892,37.72847],[38.666645,37.747603],[38.658109,37.785871],[38.667234,37.796762],[38.68519,37.770564],[38.692255,37.74672],[38.726401,37.699033],[38.774383,37.659],[38.808235,37.659588],[38.813239,37.670774],[38.789101,37.697267],[38.814122,37.715223],[38.848857,37.712868],[38.876527,37.723465],[38.878882,37.748192],[38.872995,37.757906],[38.892717,37.76762],[38.902431,37.769681],[38.918032,37.76762],[38.932456,37.779395],[38.929807,37.794996],[38.884769,37.773507],[38.882709,37.810597],[38.899782,37.824432],[38.926569,37.843272],[38.951296,37.840622],[38.96101,37.859462],[38.973373,37.866232],[38.982793,37.899495],[39.00016,37.88095],[38.994273,37.852986],[38.992212,37.826198],[38.970724,37.808537],[38.97926,37.795879],[38.979555,37.777628],[38.972784,37.749958],[38.947174,37.747898],[38.928335,37.727881],[38.935694,37.710513],[38.912734,37.697856],[38.927158,37.695206],[38.945997,37.699033],[38.951296,37.688142],[38.931573,37.682254],[38.912145,37.691968],[38.88889,37.685492],[38.847091,37.68667],[38.841203,37.676073],[38.882709,37.654584],[38.880943,37.638689],[38.835905,37.641043],[38.802642,37.632507],[38.778209,37.626325],[38.749951,37.620438],[38.711683,37.615139],[38.677537,37.613668],[38.657815,37.610135],[38.648689,37.598066],[38.62985,37.57069],[38.61366,37.549202]]]}},{"type":"Feature","properties":{"fid":"keban","source":"ne_10m_lakes"},"geometry":{"type":"Polygon","coordinates":[[[39.851167,38.690452],[39.860586,38.690746],[39.862058,38.672495],[39.84734,38.640998],[39.819081,38.618921],[39.784935,38.61009],[39.75226,38.618038],[39.746667,38.622748],[39.738425,38.633639],[39.731655,38.638349],[39.721647,38.640115],[39.710755,38.639821],[39.701924,38.641293],[39.698392,38.648946],[39.687795,38.655128],[39.621857,38.645119],[39.598897,38.652184],[39.587122,38.652773],[39.586239,38.650124],[39.543851,38.626575],[39.415802,38.593311],[39.371353,38.593017],[39.35428,38.611856],[39.365466,38.623925],[39.407266,38.638938],[39.425516,38.658955],[39.466727,38.682209],[39.477913,38.699871],[39.478207,38.710468],[39.47703,38.721065],[39.471731,38.740788],[39.471731,38.745203],[39.473498,38.749619],[39.474381,38.754917],[39.471731,38.762571],[39.467316,38.763748],[39.453481,38.761982],[39.450832,38.76522],[39.442589,38.780233],[39.423456,38.775523],[39.401084,38.764926],[39.382539,38.762571],[39.378712,38.767869],[39.372825,38.788475],[39.368115,38.796128],[39.356046,38.80437],[39.346332,38.806137],[39.324255,38.803487],[39.306299,38.807314],[39.287754,38.816734],[39.258906,38.837045],[39.255962,38.840872],[39.254196,38.846465],[39.251253,38.852352],[39.245071,38.858239],[39.240067,38.854707],[39.235063,38.852352],[39.228881,38.85088],[39.218578,38.850586],[39.218578,38.844404],[39.224171,38.833513],[39.220344,38.828508],[39.210336,38.827625],[39.197384,38.830275],[39.173541,38.851763],[39.163238,38.858239],[39.135273,38.865598],[39.117023,38.860888],[39.104659,38.845876],[39.094945,38.822621],[39.080521,38.835867],[39.078755,38.854118],[39.084348,38.877962],[39.064037,38.879728],[39.05344,38.877962],[39.04667,38.874723],[39.042548,38.870014],[39.038133,38.866187],[39.029596,38.864421],[39.009285,38.869719],[38.996922,38.87855],[38.985147,38.8812],[38.96778,38.867659],[38.960127,38.865304],[38.950707,38.869425],[38.940698,38.875018],[38.930396,38.877962],[38.927452,38.875901],[38.922742,38.871191],[38.915678,38.866481],[38.905964,38.864421],[38.895366,38.864126],[38.889185,38.863243],[38.884475,38.860594],[38.868285,38.842638],[38.854744,38.844404],[38.848268,38.847053],[38.845619,38.851763],[38.841498,38.856179],[38.830606,38.858239],[38.810001,38.858533],[38.800876,38.856473],[38.792633,38.850586],[38.788807,38.836456],[38.787335,38.818206],[38.779976,38.807608],[38.759076,38.816439],[38.749656,38.830275],[38.753189,38.842932],[38.764374,38.852646],[38.779093,38.858239],[38.773205,38.871485],[38.761136,38.880022],[38.747301,38.886792],[38.735232,38.895329],[38.725224,38.898861],[38.714038,38.89474],[38.699909,38.891797],[38.683424,38.899156],[38.666645,38.899156],[38.649278,38.927709],[38.638975,38.963916],[38.641919,38.987759],[38.651044,38.987171],[38.656931,38.972452],[38.661641,38.955085],[38.666351,38.946843],[38.671355,38.942722],[38.678126,38.923882],[38.680775,38.919761],[38.714627,38.919761],[38.726401,38.924765],[38.739648,38.936834],[38.759076,38.960383],[38.765552,38.970981],[38.770262,38.984521],[38.768495,38.996296],[38.755249,39.001594],[38.74318,39.003949],[38.711978,39.016901],[38.70403,39.021906],[38.699909,39.033386],[38.709917,39.033974],[38.727284,39.030442],[38.745535,39.029559],[38.745535,39.036329],[38.740825,39.043983],[38.735821,39.065766],[38.731994,39.077246],[38.739648,39.078423],[38.745241,39.078718],[38.749067,39.078129],[38.751128,39.077246],[38.759665,39.07077],[38.76408,39.058995],[38.766435,39.047515],[38.76879,39.042511],[38.770556,39.037507],[38.800581,39.016901],[38.806468,39.015135],[38.810295,39.002478],[38.809118,38.99188],[38.809118,38.981872],[38.817066,38.970686],[38.847385,38.940072],[38.829723,38.928003],[38.817654,38.923588],[38.786452,38.926532],[38.786452,38.919761],[38.818537,38.913874],[38.82678,38.913285],[38.87535,38.919761],[38.87535,38.926532],[38.868874,38.929475],[38.860631,38.936834],[38.854744,38.940072],[38.867991,38.963916],[38.875644,38.970981],[38.87535,38.979223],[38.874467,38.988348],[38.87535,38.995413],[38.879765,38.997473],[38.88683,38.998062],[38.893011,38.999828],[38.895661,39.005127],[38.897427,39.012192],[38.909496,39.029559],[38.916266,39.029559],[38.90302,38.982166],[38.895661,38.967448],[38.906552,38.951553],[38.910968,38.938601],[38.920976,38.92977],[38.947174,38.926532],[38.957183,38.92977],[38.955711,38.938012],[38.951296,38.94802],[38.953945,38.95744],[38.962776,38.960383],[38.968369,38.953024],[38.972784,38.941544],[38.978377,38.932713],[38.986619,38.926532],[38.991623,38.92506],[39.005164,38.926532],[39.006342,38.930653],[39.013995,38.937717],[39.022237,38.938012],[39.029008,38.912108],[39.036367,38.902688],[39.046375,38.897978],[39.068747,38.907692],[39.080227,38.903571],[39.094945,38.891797],[39.180605,38.885321],[39.191202,38.88326],[39.209747,38.873546],[39.221522,38.871191],[39.234768,38.87384],[39.239184,38.879728],[39.240361,38.886498],[39.245071,38.891797],[39.26185,38.891502],[39.269798,38.879433],[39.276862,38.865009],[39.290403,38.858239],[39.295996,38.853824],[39.303355,38.84411],[39.31248,38.834396],[39.324255,38.830275],[39.346038,38.82792],[39.368115,38.822621],[39.380478,38.815262],[39.390193,38.805842],[39.397552,38.794362],[39.40285,38.781704],[39.409621,38.781704],[39.421689,38.791418],[39.436113,38.78818],[39.449948,38.780233],[39.46084,38.775523],[39.478502,38.775817],[39.491748,38.777878],[39.502345,38.781999],[39.511471,38.791713],[39.524128,38.810846],[39.526483,38.813201],[39.53031,38.816439],[39.549738,38.817322],[39.557097,38.819677],[39.575053,38.836456],[39.580646,38.844698],[39.587122,38.858239],[39.593598,38.876195],[39.595659,38.89003],[39.594776,38.916523],[39.588594,38.929181],[39.578586,38.944193],[39.576525,38.954791],[39.594776,38.954202],[39.615675,38.936834],[39.618325,38.907104],[39.610966,38.875312],[39.602135,38.850586],[39.630688,38.846759],[39.654826,38.847936],[39.704573,38.858239],[39.728417,38.859711],[39.77581,38.856473],[39.800536,38.858239],[39.763152,38.844698],[39.61803,38.836162],[39.601252,38.832629],[39.594776,38.830275],[39.58359,38.82321],[39.576819,38.816439],[39.569755,38.811435],[39.537375,38.808786],[39.530015,38.805842],[39.522951,38.799661],[39.492337,38.762571],[39.487921,38.750207],[39.486744,38.741377],[39.488216,38.73284],[39.497341,38.707819],[39.501462,38.701637],[39.515886,38.689863],[39.531487,38.681326],[39.556803,38.673967],[39.602135,38.666314],[39.68073,38.672495],[39.701335,38.66808],[39.730772,38.648652],[39.75226,38.645119],[39.823791,38.66337],[39.835565,38.669552],[39.84057,38.680443],[39.851167,38.690452]]]}},{"type":"Feature","properties":{"fid":"tuz","source":"ne_10m_lakes"},"geometry":{"type":"Polygon","coordinates":[[[33.430791,38.960383],[33.420488,38.954496],[33.420488,38.940367],[33.426375,38.924765],[33.434323,38.913285],[33.416956,38.877373],[33.413718,38.867659],[33.417544,38.859711],[33.426081,38.850586],[33.54677,38.752857],[33.555307,38.761099],[33.552657,38.77935],[33.547359,38.789358],[33.547359,38.803782],[33.571497,38.891797],[33.578267,38.891797],[33.584154,38.846465],[33.629487,38.786414],[33.640378,38.751679],[33.64391,38.731368],[33.652741,38.713412],[33.686299,38.659543],[33.698662,38.646886],[33.71603,38.64041],[33.742817,38.638349],[33.742817,38.63099],[33.711025,38.62157],[33.629487,38.615094],[33.598873,38.597432],[33.590042,38.550629],[33.584449,38.544741],[33.568259,38.531789],[33.558545,38.516188],[33.550008,38.497054],[33.541472,38.484397],[33.53058,38.487635],[33.517039,38.498232],[33.508209,38.514127],[33.497906,38.528846],[33.479066,38.535322],[33.462582,38.538854],[33.420782,38.563286],[33.354845,38.582714],[33.296561,38.638349],[33.264769,38.657777],[33.187352,38.688097],[33.153205,38.70723],[33.138487,38.738139],[33.146729,38.77935],[33.20207,38.904749],[33.219437,38.92035],[33.245636,38.926532],[33.298916,38.929475],[33.322465,38.938306],[33.332473,38.95744],[33.334534,38.983933],[33.332473,38.995413],[33.326291,39.009542],[33.309218,39.036035],[33.30392,39.049281],[33.305097,39.061056],[33.317461,39.079307],[33.317755,39.090787],[33.309807,39.102856],[33.289202,39.117868],[33.28302,39.131703],[33.32482,39.150837],[33.338066,39.152309],[33.345131,39.14701],[33.366031,39.118163],[33.442271,39.044866],[33.468469,38.992764],[33.47259,38.980989],[33.459933,38.977751],[33.444331,38.963621],[33.430791,38.960383]]]}},{"type":"Feature","properties":{"fid":"van","source":"ne_10m_lakes"},"geometry":{"type":"Polygon","coordinates":[[[43.131266,38.316903],[43.104185,38.314254],[43.019113,38.316609],[43.000863,38.326912],[42.994387,38.335448],[42.97908,38.336626],[42.960535,38.335448],[42.945522,38.336626],[42.93522,38.343985],[42.936986,38.351638],[42.945228,38.360764],[42.953176,38.371655],[42.953176,38.377542],[42.943168,38.385196],[42.936103,38.392849],[42.928449,38.396382],[42.918441,38.391966],[42.91432,38.398442],[42.911376,38.40168],[42.906961,38.403741],[42.897835,38.405801],[42.9049,38.432883],[42.911671,38.432883],[42.914614,38.428762],[42.920796,38.423463],[42.925211,38.418753],[42.924328,38.427879],[42.926977,38.430528],[42.932276,38.431117],[42.939046,38.432883],[42.928449,38.447601],[42.925211,38.453488],[42.910787,38.446718],[42.897835,38.447601],[42.884883,38.451134],[42.870165,38.453488],[42.877524,38.460848],[42.871048,38.467618],[42.872226,38.471739],[42.879291,38.473505],[42.891065,38.474094],[42.884589,38.476743],[42.878996,38.480864],[42.873992,38.486752],[42.870165,38.494405],[42.879879,38.500587],[42.876347,38.505885],[42.868399,38.504708],[42.856624,38.4738],[42.839257,38.469678],[42.818946,38.474094],[42.801873,38.481453],[42.798046,38.456432],[42.791276,38.446718],[42.773908,38.440242],[42.764488,38.444069],[42.691781,38.43877],[42.687071,38.442303],[42.663227,38.472328],[42.651747,38.478804],[42.598761,38.485574],[42.583749,38.493522],[42.575801,38.507946],[42.567265,38.502647],[42.550191,38.497643],[42.541655,38.494405],[42.536651,38.489695],[42.533118,38.484102],[42.528703,38.478215],[42.520755,38.474094],[42.501327,38.47115],[42.486314,38.475271],[42.474834,38.484102],[42.466003,38.494405],[42.468653,38.494994],[42.470124,38.501175],[42.46983,38.508829],[42.466003,38.515011],[42.457172,38.516777],[42.448636,38.514127],[42.438627,38.507946],[42.40978,38.496171],[42.39565,38.495877],[42.38417,38.507946],[42.369746,38.497643],[42.349729,38.490873],[42.327946,38.48734],[42.308224,38.487635],[42.299688,38.507651],[42.309696,38.517954],[42.349729,38.528551],[42.361798,38.537971],[42.37946,38.566524],[42.39094,38.577121],[42.409485,38.578888],[42.420082,38.581242],[42.425087,38.586835],[42.42126,38.591545],[42.413606,38.59861],[42.408014,38.607441],[42.410663,38.618038],[42.423909,38.622748],[42.493968,38.624808],[42.488669,38.630401],[42.482193,38.633934],[42.476012,38.636289],[42.472774,38.638349],[42.466003,38.658955],[42.457172,38.67014],[42.44422,38.692218],[42.435389,38.703698],[42.438333,38.720771],[42.467769,38.736667],[42.600822,38.778466],[42.620544,38.781704],[42.647626,38.782882],[42.709148,38.793185],[42.733286,38.803487],[42.747415,38.799661],[42.801873,38.792596],[42.809821,38.785531],[42.828366,38.784648],[42.89813,38.795834],[42.91638,38.796717],[42.928744,38.792596],[42.941696,38.785237],[42.956414,38.784354],[43.09241,38.804076],[43.123907,38.816439],[43.162174,38.841166],[43.175715,38.844404],[43.183663,38.850586],[43.195143,38.880611],[43.206918,38.891797],[43.193966,38.897684],[43.177776,38.900333],[43.145101,38.899156],[43.145396,38.900628],[43.144513,38.903571],[43.142158,38.905926],[43.137448,38.905926],[43.133327,38.902688],[43.131266,38.893563],[43.123907,38.889736],[43.110072,38.877962],[43.143924,38.880316],[43.147751,38.865304],[43.1295,38.851763],[43.09712,38.858239],[43.088289,38.866776],[43.079164,38.879728],[43.072099,38.892974],[43.069155,38.902688],[43.065917,38.925648],[43.072099,38.930947],[43.110661,38.933891],[43.120963,38.937423],[43.130677,38.942133],[43.145101,38.946843],[43.16188,38.94802],[43.203385,38.940072],[43.219575,38.942722],[43.231644,38.948903],[43.242241,38.955674],[43.25431,38.960383],[43.271089,38.962444],[43.287574,38.960972],[43.315538,38.954202],[43.313478,38.960972],[43.310828,38.974513],[43.308768,38.980989],[43.315538,38.980989],[43.319659,38.972747],[43.327313,38.968331],[43.337615,38.966565],[43.350567,38.967448],[43.351156,38.977751],[43.353511,38.984816],[43.359987,38.987759],[43.373528,38.987171],[43.37706,38.987759],[43.383831,38.991292],[43.388246,38.995707],[43.392956,38.999828],[43.401492,39.001594],[43.40473,39.000417],[43.407674,38.998356],[43.41209,38.996002],[43.477733,38.993058],[43.542199,38.980989],[43.578994,38.982461],[43.59018,38.980989],[43.596656,38.977457],[43.61314,38.965093],[43.62462,38.960383],[43.632274,38.963916],[43.641399,38.959795],[43.659061,38.946843],[43.65494,38.945665],[43.651408,38.945077],[43.64817,38.943899],[43.644637,38.940072],[43.659061,38.932713],[43.640516,38.930947],[43.59695,38.919761],[43.547497,38.917995],[43.534839,38.913285],[43.531307,38.908281],[43.521299,38.885321],[43.501282,38.871191],[43.484503,38.868247],[43.469785,38.868836],[43.457127,38.86707],[43.44653,38.858239],[43.428868,38.858828],[43.412678,38.850291],[43.399432,38.837045],[43.390012,38.822621],[43.384419,38.822621],[43.369701,38.840872],[43.339087,38.845876],[43.308768,38.835573],[43.295227,38.806725],[43.296699,38.787297],[43.291989,38.779055],[43.27786,38.775523],[43.261375,38.774051],[43.244596,38.76993],[43.229878,38.763454],[43.219575,38.754917],[43.216337,38.750502],[43.214277,38.745792],[43.213688,38.739905],[43.213099,38.731074],[43.211039,38.720771],[43.205446,38.715767],[43.19897,38.712235],[43.192788,38.70723],[43.176304,38.685742],[43.16865,38.671612],[43.165412,38.655717],[43.155993,38.637466],[43.133032,38.624808],[43.08299,38.611856],[43.08299,38.604203],[43.089761,38.604203],[43.100652,38.613328],[43.123907,38.61951],[43.175715,38.624808],[43.190728,38.620687],[43.200147,38.611268],[43.216632,38.586835],[43.226935,38.580654],[43.242536,38.575061],[43.258726,38.57094],[43.271089,38.569468],[43.316127,38.542386],[43.325252,38.486457],[43.306413,38.439653],[43.267262,38.440242],[43.22664,38.418165],[43.219575,38.415515],[43.213099,38.408156],[43.184252,38.389023],[43.175715,38.385196],[43.162469,38.382841],[43.153344,38.376071],[43.147456,38.365474],[43.145101,38.35105],[43.148045,38.335154],[43.153049,38.326617],[43.150694,38.322202],[43.131266,38.316903]]]}},{"type":"Feature","properties":{"fid":"iznik","source":"ne_10m_lakes_europe"},"geometry":{"type":"Polygon","coordinates":[[[29.631114,40.395209],[29.607921,40.393378],[29.571544,40.390631],[29.534801,40.394294],[29.518321,40.395819],[29.483165,40.399176],[29.440562,40.414679],[29.421153,40.428351],[29.395763,40.42591],[29.36964,40.421942],[29.349376,40.434699],[29.336925,40.457221],[29.341441,40.479743],[29.359141,40.493415],[29.381847,40.504035],[29.400401,40.512213],[29.446056,40.505866],[29.48463,40.499457],[29.499766,40.49549],[29.523204,40.492194],[29.55421,40.490058],[29.594005,40.494025],[29.624522,40.499457],[29.65089,40.487311],[29.671886,40.466315],[29.690929,40.457526],[29.710094,40.454474],[29.71046,40.432868],[29.689708,40.407965],[29.669444,40.402228],[29.651744,40.398871],[29.631114,40.395209],[29.631114,40.395209]]]}},{"type":"Feature","properties":{"fid":"kus","source":"ne_10m_lakes_europe"},"geometry":{"type":"Polygon","coordinates":[[[27.872081,40.159308],[27.846934,40.177008],[27.860606,40.186408],[27.87086,40.195197],[27.885753,40.21192],[27.909557,40.227423],[27.918468,40.236823],[27.933849,40.248114],[27.965587,40.24903],[27.99171,40.250251],[28.013805,40.251776],[28.029063,40.243537],[28.040294,40.238349],[28.056407,40.228644],[28.059337,40.214972],[28.056041,40.193122],[28.060924,40.169684],[28.064586,40.157538],[28.056651,40.148688],[28.038707,40.151129],[28.016856,40.155097],[27.979503,40.159369],[27.948741,40.167609],[27.933849,40.16175],[27.911632,40.149604],[27.872081,40.159308],[27.872081,40.159308]]]}},{"type":"Feature","properties":{"fid":"uluabat","source":"ne_10m_lakes_europe"},"geometry":{"type":"Polygon","coordinates":[[[28.484386,40.191291],[28.463634,40.198859],[28.459117,40.209845],[28.462413,40.221076],[28.479259,40.224738],[28.506236,40.22016],[28.520518,40.22132],[28.550548,40.222907],[28.59254,40.210089],[28.613292,40.202826],[28.629039,40.204352],[28.6515,40.19361],[28.671153,40.192145],[28.683971,40.188849],[28.694591,40.19007],[28.712291,40.193976],[28.719493,40.177253],[28.701915,40.16297],[28.688487,40.154792],[28.677013,40.142585],[28.654552,40.132941],[28.625987,40.130194],[28.596812,40.132941],[28.569469,40.147834],[28.560069,40.164557],[28.558482,40.174201],[28.537608,40.177619],[28.508678,40.177619],[28.494395,40.184272],[28.484386,40.191291],[28.484386,40.191291]]]}},{"type":"Feature","properties":{"fid":"bafa","source":"ne_10m_lakes_europe"},"geometry":{"type":"Polygon","coordinates":[[[27.383678,37.536628],[27.393809,37.543952],[27.406261,37.551764],[27.422984,37.562751],[27.435069,37.559088],[27.420543,37.5409],[27.419688,37.528083],[27.443614,37.533332],[27.459727,37.534796],[27.473399,37.528083],[27.484386,37.523566],[27.503795,37.518073],[27.525157,37.504706],[27.525401,37.490424],[27.510265,37.487372],[27.482921,37.485236],[27.461192,37.484992],[27.435313,37.483405],[27.406261,37.489508],[27.391368,37.495002],[27.385265,37.50318],[27.379893,37.514777],[27.378917,37.524176],[27.383678,37.536628],[27.383678,37.536628]]]}},{"type":"Feature","properties":{"fid":"koycegiz","source":"ne_10m_lakes_europe"},"geometry":{"type":"Polygon","coordinates":[[[28.632579,36.866706],[28.620128,36.874945],[28.597667,36.885871],[28.595958,36.906256],[28.609264,36.913214],[28.624156,36.923285],[28.643809,36.938483],[28.657237,36.95185],[28.668224,36.966742],[28.704112,36.960334],[28.729259,36.947028],[28.715953,36.941535],[28.705089,36.935736],[28.695811,36.922614],[28.678844,36.910163],[28.657603,36.905646],[28.646007,36.891364],[28.639903,36.868903],[28.632579,36.866706],[28.632579,36.866706]]]}},{"type":"Feature","properties":{"fid":"cildir","source":"ne_10m_lakes_europe"},"geometry":{"type":"Polygon","coordinates":[[[43.294444,41.084113],[43.316661,41.082648],[43.30714,41.060981],[43.293712,41.041327],[43.299449,41.02381],[43.288341,40.975287],[43.268565,40.980963],[43.248057,40.994025],[43.232921,41.016974],[43.208751,41.037726],[43.189708,41.043952],[43.16981,41.048712],[43.146251,41.066901],[43.139781,41.083869],[43.165294,41.089789],[43.228282,41.102301],[43.281016,41.107062],[43.287242,41.090399],[43.294444,41.084113],[43.294444,41.084113]]]}},{"type":"Feature","properties":{"fid":"sapanca","source":"ne_10m_lakes_europe"},"geometry":{"type":"Polygon","coordinates":[[[30.152843,40.722907],[30.189952,40.732184],[30.252452,40.74433],[30.302989,40.746405],[30.327403,40.731208],[30.313365,40.713141],[30.288341,40.703009],[30.258067,40.706305],[30.217906,40.712226],[30.184581,40.716681],[30.162974,40.719977],[30.152843,40.722907],[30.152843,40.722907]]]}},{"type":"Feature","properties":{"fid":"aksehir","source":"ne_10m_lakes_europe"},"geometry":{"type":"Polygon","coordinates":[[[31.503429,38.528693],[31.496959,38.507636],[31.481456,38.491584],[31.47047,38.472846],[31.453258,38.447577],[31.405406,38.444342],[31.365855,38.461249],[31.338878,38.497199],[31.307628,38.53321],[31.299815,38.556403],[31.316783,38.57099],[31.340831,38.568],[31.358775,38.565009],[31.374766,38.565619],[31.400645,38.576606],[31.432384,38.596198],[31.471202,38.604865],[31.503551,38.602423],[31.504161,38.589362],[31.499889,38.558478],[31.503429,38.528693],[31.503429,38.528693]]]}},{"type":"Feature","properties":{"fid":"burdur","source":"ne_10m_lakes_europe"},"geometry":{"type":"Polygon","coordinates":[[[30.156383,37.68946],[30.117686,37.670111],[30.096324,37.6612],[30.069224,37.666877],[30.066661,37.679633],[30.076671,37.69953],[30.095225,37.73133],[30.137706,37.765509],[30.162974,37.781012],[30.187999,37.793219],[30.237559,37.80567],[30.283702,37.812506],[30.320811,37.820563],[30.332042,37.810126],[30.314586,37.790168],[30.278819,37.778937],[30.2494,37.758979],[30.233897,37.731635],[30.207286,37.710578],[30.156383,37.68946],[30.156383,37.68946]]]}},{"type":"Feature","properties":{"fid":"salda","source":"ne_10m_lakes_europe"},"geometry":{"type":"Polygon","coordinates":[[[29.692638,37.52143],[29.659312,37.537482],[29.641734,37.566901],[29.664073,37.590094],[29.702647,37.582648],[29.718761,37.555915],[29.721446,37.537238],[29.716319,37.524665],[29.692638,37.52143],[29.692638,37.52143]]]}},{"type":"Feature","properties":{"fid":"hazar","source":"ne_10m_lakes_europe"},"geometry":{"type":"Polygon","coordinates":[[[39.308604,38.463629],[39.31068,38.485297],[39.331187,38.491828],[39.367198,38.501105],[39.40797,38.521613],[39.432384,38.533454],[39.470958,38.53498],[39.503917,38.529914],[39.509044,38.516852],[39.479503,38.498114],[39.434947,38.485602],[39.409679,38.477607],[39.362071,38.462165],[39.308604,38.463629],[39.308604,38.463629]]]}}]}